"Tanggal","temp_avg","hum_avg","wind_avg","rainfall","sunshine"
"01-10-2013","25.9","81","2","0","1.2"
"02-10-2013","26.1","84","2","0","8"
"03-10-2013","26.7","79","2","6.2","7.1"
"04-10-2013","26.2","75","2","2.2","8"
"05-10-2013","25.4","84","2","0","8"
"06-10-2013","27","77","2","43.4","8"
"07-10-2013","26.1","80","3","48.1","5.9"
"08-10-2013","25","83","2","0","5.9"
"09-10-2013","26.4","78","2","0.4","3"
"10-10-2013","26.8","71","2","5.2","7.4"
"11-10-2013","26.9","74","2","0","7.2"
"12-10-2013","27","76","2","0","6.7"
"13-10-2013","26.5","78","2","0","5.7"
"14-10-2013","26.2","81","2","8888","7.7"
"15-10-2013","27.4","72","2","14.2","7.4"
"16-10-2013","27.2","72","2","0","6.8"
"17-10-2013","27.4","74","1","0","6.7"
"18-10-2013","25.2","88","3","0","7.8"
"19-10-2013","25.6","81","1","12.5","7.5"
"20-10-2013","26.1","84","2","0","6.7"
"21-10-2013","25.7","83","2","4","6.6"
"22-10-2013","25.4","88","2","20.3","6.2"
"23-10-2013","25.2","86","2","36.7","8"
"24-10-2013","26.2","82","2","60.2","8"
"25-10-2013","26.7","79","2","0.3","7.7"
"26-10-2013","26.3","79","2","0","8"
"27-10-2013","25.2","88","2","34.5","7.6"
"28-10-2013","24.6","92","3","48.5","8"
"29-10-2013","25.2","84","2","56.9","8"
"30-10-2013","25.7","80","3","0","7.2"
"31-10-2013","26.5","79","2","0","7.6"
"01-11-2013","26.4","81","2","1.5","5.9"
"02-11-2013","26.6","77","2","5.2","8"
"03-11-2013","26.9","79","1","0","6.7"
"04-11-2013","26.6","80","2","1.2","3.3"
"05-11-2013","26.4","82","2","0.2","3.8"
"06-11-2013","26.2","82","2","8888","6.5"
"07-11-2013","26.2","84","2","4.7","4.6"
"08-11-2013","25.7","88","2","12.3","3.7"
"09-11-2013","27","78","1","1.3","3.6"
"10-11-2013","26","82","2","0","4"
"11-11-2013","25.1","89","2","8.3","3.5"
"12-11-2013","25.3","85","1","9.5","5.1"
"13-11-2013","25.3","89","2","35.5","3.2"
"14-11-2013","25.2","86","1","46.1","5.4"
"15-11-2013","25","91","2","20.2","4.1"
"16-11-2013","25.1","92","1","19.2","2.8"
"17-11-2013","24.4","92","0","3.3","1.6"
"18-11-2013","26.2","78","0","15.3","7"
"19-11-2013","26.2","72","2","0","7.7"
"20-11-2013","25.9","71","1","0","6.9"
"21-11-2013","26.6","75","2","8888","5.2"
"22-11-2013","27","70","0","0","7.9"
"23-11-2013","27.4","67","0","0","8"
"24-11-2013","27.3","79","0","0","5.7"
"25-11-2013","27.1","76","1","0","1.7"
"26-11-2013","24.3","86","0","1.1","0"
"27-11-2013","26.3","80","0","0.7","3.4"
"28-11-2013","27.7","76","0","1.3","6.5"
"29-11-2013","26.6","82","0","8888","5.7"
"30-11-2013","28.2","69","0","0","7.6"
"01-12-2013","26.9","76","0","0","5.1"
"02-12-2013","26.1","87","1","2.3","4.7"
"03-12-2013","24.9","91","0","0.2","2.9"
"04-12-2013","25.8","84","0","53.8","6"
"05-12-2013","25.6","86","0","26.4","7.7"
"06-12-2013","26.4","82","1","25.5","7.3"
"07-12-2013","26.6","81","0","14.1","6.3"
"08-12-2013","25.7","86","0","0","2.5"
"09-12-2013","25.6","88","0","2.5","5.3"
"10-12-2013","25.1","86","0","20.2","5.5"
"11-12-2013","25.4","92","3","97.4","3.3"
"12-12-2013","25.1","88","0","8.1","2.7"
"13-12-2013","25.5","86","0","8.1","1.8"
"14-12-2013","24.5","95","0","5","4.5"
"15-12-2013","26.6","84","0","20","2.5"
"16-12-2013","26.3","84","0","8.2","4.2"
"17-12-2013","26.2","84","0","17.2","0"
"18-12-2013","26.4","85","0","0","2.6"
"19-12-2013","25.9","86","0","4.1","2.3"
"20-12-2013","25.9","80","0","9.5","0.3"
"21-12-2013","25.6","82","0","3.7","1.5"
"22-12-2013","23.3","95","1","3","0"
"23-12-2013","24.3","88","0","52.2","0"
"24-12-2013","25.8","83","0","3.2","4.2"
"25-12-2013","24.4","90","1","0","3.1"
"26-12-2013","25.4","89","0","6.4","5.7"
"27-12-2013","25.4","88","0","5.6","5.2"
"28-12-2013","26","81","0","1","4.1"
"29-12-2013","25","83","0","0","7.2"
"30-12-2013","25","89","0","0","0.5"
"31-12-2013","24.4","92","1","10","0.3"
"01-01-2014","25.3","89","0","10","0"
"02-01-2014","25.8","86","0","0.3","5.7"
"03-01-2014","25.6","86","0","0.9","5.3"
"04-01-2014","25.6","87","0","0",""
"05-01-2014","26.4","79","0","3.2","5.4"
"06-01-2014","25.7","82","1","3.3","2.4"
"07-01-2014","25.6","84","1","0","3.6"
"08-01-2014","23.5","95","0","1.8","0"
"09-01-2014","26.1","79","0","36.8","5.8"
"10-01-2014","26.6","79","1","0","7.7"
"11-01-2014","24.9","86","1","9.2","5.7"
"12-01-2014","23.6","96","2","84.6","0.1"
"13-01-2014","24.5","93","0","102.2","0"
"14-01-2014","25.4","88","0","10","6"
"15-01-2014","24","92","1","11.2","0.3"
"16-01-2014","23.8","94","1","29.6","0"
"17-01-2014","23.4","96","0","12","0"
"18-01-2014","24.2","93","1","103.3","0"
"19-01-2014","23.5","94","0","42.8","0"
"20-01-2014","24","94","0","13.4","0"
"21-01-2014","22.8","96","0","47.1","0"
"22-01-2014","23.9","92","0","44.8","0.3"
"23-01-2014","22.7","96","0","19.5","0"
"24-01-2014","24.6","89","0","6.5","1.4"
"25-01-2014","25","86","1","16.8","7.2"
"26-01-2014","25","86","2","0","6.1"
"27-01-2014","24.3","90","0","0.8","2.7"
"28-01-2014","24.6","93","4","22.6","0"
"29-01-2014","24.3","90","2","26","0"
"30-01-2014","24.6","90","2","37.9","0.5"
"31-01-2014","24.6","93","2","5.4","0.1"
"01-02-2014","25.4","89","2","4.5","2.7"
"02-02-2014","23.6","95","3","5.6","0"
"03-02-2014","23.6","96","1","29.6","0"
"04-02-2014","24.8","92","2","41.5","0"
"05-02-2014","24.5","94","1","8.4","0.7"
"06-02-2014","25.5","91","1","22.3","2.6"
"07-02-2014","25.9","84","2","1.4","0.6"
"08-02-2014","25.3","90","2","0.1","0.3"
"09-02-2014","25.6","87","2","27.4","2.8"
"10-02-2014","24.9","92","3","15.6","1"
"11-02-2014","26.3","84","2","4.5","5.5"
"12-02-2014","26.6","87","2","0","3.6"
"13-02-2014","27","81","2","0","7.4"
"14-02-2014","26.3","84","2","0","4.8"
"15-02-2014","24.8","86","3","1.2","0.1"
"16-02-2014","25","85","2","0","4.4"
"17-02-2014","25.7","84","2","2.5","5.3"
"18-02-2014","25.6","88","3","0.3","1.8"
"19-02-2014","25.9","84","2","0","5.4"
"20-02-2014","26.3","80","3","0","7.6"
"21-02-2014","24.3","94","2","13.5","0.2"
"22-02-2014","23.2","97","2","29","0"
"23-02-2014","24.3","91","2","41","4.1"
"24-02-2014","22.9","95","3","19.1","0.1"
"25-02-2014","24.8","91","2","29.1","0.6"
"26-02-2014","23.5","96","2","35.2","0"
"27-02-2014","24.5","90","1","4.1","1.1"
"28-02-2014","25","85","2","1.5","2.6"
"01-03-2014","25","89","2","9.7","4.5"
"02-03-2014","26.3","84","2","30.4","6.8"
"03-03-2014","26.6","82","2","0.6","6.6"
"04-03-2014","26.7","80","2","1.9","7.8"
"05-03-2014","25.1","88","2","0","3.1"
"06-03-2014","25","85","2","10.4","3.9"
"07-03-2014","25.6","90","2","2.6","1.3"
"08-03-2014","25.9","87","2","56.4","4.9"
"09-03-2014","26","88","2","1.2","3.3"
"10-03-2014","25.1","90","2","0.1","0"
"11-03-2014","25.2","90","2","2.1","0"
"12-03-2014","24.5","88","2","0","0.1"
"13-03-2014","25.1","86","2","0","3"
"14-03-2014","25.9","88","2","1.9","3"
"15-03-2014","26.2","82","2","0","4.7"
"16-03-2014","25.1","90","3","0","5.6"
"17-03-2014","24.6","94","2","23.2","3.7"
"18-03-2014","25.3","88","2","21.8","6.5"
"19-03-2014","25.5","87","2","7.8","5.2"
"20-03-2014","25.2","88","2","18.9","6.3"
"21-03-2014","25.2","86","2","23.4","3.7"
"22-03-2014","26","85","2","2.7","4.1"
"23-03-2014","24.8","92","2","0","0.5"
"24-03-2014","25.1","89","1","6.5","4.7"
"25-03-2014","26","88","2","3.3","2"
"26-03-2014","25.8","87","3","0","1"
"27-03-2014","25.7","86","2","0","6"
"28-03-2014","25.4","88","2","24.6","6"
"29-03-2014","25.9","83","3","24.4","5.8"
"30-03-2014","26.3","85","3","7.5","6.3"
"31-03-2014","26.3","84","2","0","6.2"
"01-04-2014","26.1","87","3","6.3","5.3"
"02-04-2014","25.7","88","2","13","6.5"
"03-04-2014","26.5","84","2","3.8","7.1"
"04-04-2014","26.4","84","2","0.3","4.8"
"05-04-2014","25.9","87","2","0.6","7.3"
"06-04-2014","25.9","86","3","169.1","5.9"
"07-04-2014","25.4","86","3","6.7","6"
"08-04-2014","27.4","80","2","0","5.1"
"09-04-2014","25.9","84","2","0","6.8"
"10-04-2014","25.6","84","3","1.5","2.5"
"11-04-2014","26.1","83","2","1.4","5.2"
"12-04-2014","26.8","81","2","1.6","4.6"
"13-04-2014","25.9","83","2","0","4.6"
"14-04-2014","25.2","88","2","1.3","4.2"
"15-04-2014","26.6","81","2","6.6","4.1"
"16-04-2014","25.9","84","2","0","4.9"
"17-04-2014","26","85","2","10.6","5.9"
"18-04-2014","25.7","86","2","61.7","4.7"
"19-04-2014","26.4","88","2","52.1","5.6"
"20-04-2014","25.6","84","2","11.4","6.4"
"21-04-2014","26.5","87","2","0.7","3.8"
"22-04-2014","25.8","86","2","4.5","5.9"
"23-04-2014","25.7","86","2","30","6.9"
"24-04-2014","28.1","78","2","1.5","8"
"25-04-2014","27.8","79","2","0","8"
"26-04-2014","26.8","85","3","1","6.2"
"27-04-2014","25.9","88","2","31.7","6"
"28-04-2014","26.6","83","2","35.3","7"
"29-04-2014","25.9","88","2","7.8","6.4"
"30-04-2014","25.8","87","2","50.4","7"
"01-05-2014","25.9","87","3","3.6","5.3"
"02-05-2014","26.4","84","2","3","7.4"
"03-05-2014","26.3","86","2","4.2","6.5"
"04-05-2014","26.7","85","3","1.4","5.1"
"05-05-2014","27.1","81","2","0","6.8"
"06-05-2014","27","82","2","0","5"
"07-05-2014","26","85","3","0","6.6"
"08-05-2014","26.7","88","2","42.1","3"
"09-05-2014","26.3","86","2","29","8"
"10-05-2014","26.5","88","2","41.4","2.8"
"11-05-2014","27.1","87","2","2","4.5"
"12-05-2014","26.3","86","2","1.6","5.2"
"13-05-2014","26.5","84","2","9.3","7.1"
"14-05-2014","26.5","86","2","15.6","5.8"
"15-05-2014","26","85","2","11","4.5"
"16-05-2014","25.9","84","2","0.3","6"
"17-05-2014","24.8","92","2","28.6","2.6"
"18-05-2014","25.2","87","2","15.8","5.3"
"19-05-2014","25.9","86","2","9.6","5.6"
"20-05-2014","26.2","85","2","19.5","7.7"
"21-05-2014","26.3","85","2","0","7.5"
"22-05-2014","26.3","87","2","8.4","5.9"
"23-05-2014","25.6","84","4","11.7","5.4"
"24-05-2014","26.1","82","0","0","3.6"
"25-05-2014","26.6","81","2","0","8"
"26-05-2014","25.8","89","3","0.3","2.8"
"27-05-2014","26.7","83","2","1","6.4"
"28-05-2014","26.6","90","3","29.3","4.6"
"29-05-2014","27","81","2","7.5","8"
"30-05-2014","25.6","84","3","0","6.5"
"31-05-2014","25.8","86","2","0.2","7"
"01-06-2014","27.1","76","2","0","7.8"
"02-06-2014","26.8","81","2","0","8"
"03-06-2014","26.9","77","2","0","7.9"
"04-06-2014","27.1","79","3","0","6.7"
"05-06-2014","25.9","90","2","0","1"
"06-06-2014","26.9","83","2","6.7","0.7"
"07-06-2014","27.4","79","2","0","8"
"08-06-2014","27.1","78","2","0","8"
"09-06-2014","27.1","79","2","0","7.7"
"10-06-2014","26.4","86","3","0","6.2"
"11-06-2014","27.2","83","2","26.1","7.6"
"12-06-2014","27.3","84","2","0","7.5"
"13-06-2014","26.9","87","0","2.8","4.2"
"14-06-2014","26","85","3","13","5.9"
"15-06-2014","25.3","89","2","2.6","0.8"
"16-06-2014","26.3","83","2","5.1","6.2"
"17-06-2014","27.1","86","2","0","3.8"
"18-06-2014","26.5","80","2","0","6.6"
"19-06-2014","25.8","86","3","4.1","0"
"20-06-2014","26.7","81","2","0","7.7"
"21-06-2014","26.5","83","3","0.1","5.3"
"22-06-2014","26.6","81","2","0","8"
"23-06-2014","25.5","86","2","0","4.8"
"24-06-2014","27","81","2","0","2.2"
"25-06-2014","26.3","85","3","0","4"
"26-06-2014","25.5","85","2","0.2","0"
"27-06-2014","24.9","90","2","0","3.7"
"28-06-2014","25.3","88","2","24","3.3"
"29-06-2014","26.6","82","2","0","6.2"
"30-06-2014","26.3","78","2","0","8"
"01-07-2014","26.4","71","2","0.2","8"
"02-07-2014","25.6","83","3","0","1.2"
"03-07-2014","25.4","81","2","0","6.1"
"04-07-2014","26.4","81","2","0","7.6"
"05-07-2014","26.8","85","2","50.8","3.2"
"06-07-2014","25.8","88","2","24.7","5.4"
"07-07-2014","25.6","84","2","4","5.9"
"08-07-2014","25.6","90","2","0","2.9"
"09-07-2014","27.2","78","2","6.7","7"
"10-07-2014","25.9","86","2","116.7","4.9"
"11-07-2014","26","83","2","0.7","5.5"
"12-07-2014","25.9","84","2","0","4.7"
"13-07-2014","23.8","95","2","0",""
"14-07-2014","25.9","70","3","8.8","8"
"15-07-2014","25.9","75","3","0","6.4"
"16-07-2014","25.6","84","2","5.6","5.6"
"17-07-2014","25.6","84","2","0","5.7"
"18-07-2014","25.8","83","2","1.2","6.4"
"19-07-2014","25.6","80","3","0.5","7.6"
"20-07-2014","26.4","84","2","0","6.4"
"21-07-2014","26.2","82","3","23.2","6.5"
"22-07-2014","26.2","84","2","6","8"
"23-07-2014","25.7","86","2","0.5","3.9"
"24-07-2014","25","83","2","0","4.9"
"25-07-2014","24.9","86","2","0","4.7"
"26-07-2014","25","87","2","29.2","4.6"
"27-07-2014","25","90","2","4.9","2.9"
"28-07-2014","25.5","84","2","0","8"
"29-07-2014","25.7","82","2","65.1","7.3"
"30-07-2014","26.2","80","2","0","7.9"
"31-07-2014","26.1","80","2","0.2","6.8"
"01-08-2014","26.1","78","2","2.3","6.5"
"02-08-2014","25.4","79","2","0","5.8"
"03-08-2014","26.3","82","2","1.5","5.4"
"04-08-2014","25.4","85","3","0","4.5"
"05-08-2014","25.8","78","2","35","6.5"
"06-08-2014","26.3","76","3","0","6.6"
"07-08-2014","26.1","78","3","0","6.1"
"08-08-2014","25.1","82","3","0","5.5"
"09-08-2014","26.3","78","3","0","6.6"
"10-08-2014","25.9","80","3","0","4.3"
"11-08-2014","24.7","88","2","0","3.6"
"12-08-2014","24.7","86","3","5.2","4.8"
"13-08-2014","25.7","78","2","16.1","7"
"14-08-2014","26.1","81","3","0","6.1"
"15-08-2014","25.7","82","3","85.8","5.9"
"16-08-2014","25.4","81","2","100.4","5.5"
"17-08-2014","25.7","76","2","0","5.9"
"18-08-2014","25.6","74","2","0","6.9"
"19-08-2014","25.6","77","2","0","6.5"
"20-08-2014","25.9","77","2","0","6.5"
"21-08-2014","26.3","80","2","0","6.3"
"22-08-2014","26.2","80","2","5.2","6.5"
"23-08-2014","26.7","79","3","0","5.2"
"24-08-2014","25.3","84","3","0","5.1"
"25-08-2014","26","81","3","147.3","5.3"
"26-08-2014","24.9","84","3","38.1","5.4"
"27-08-2014","25.6","78","3","5.1","5.9"
"28-08-2014","26.1","76","3","0","6.2"
"29-08-2014","24.4","88","3","62.5","4.7"
"30-08-2014","25.5","82","2","33.9","5.5"
"31-08-2014","25.8","82","2","0","4.8"
"01-09-2014","26.4","79","2","1.4","8"
"02-09-2014","26.8","81","3","0","8"
"03-09-2014","27.1","78","2","0","8"
"04-09-2014","26.5","78","2","0","7.8"
"05-09-2014","25.7","77","2","0","8"
"06-09-2014","25.8","75","3","0","7.9"
"07-09-2014","26.3","79","3","5","7.1"
"08-09-2014","26.2","78","3","0","6.9"
"09-09-2014","26.3","75","2","0","7.4"
"10-09-2014","25.9","78","2","0","7.6"
"11-09-2014","26.5","71","2","0","7.3"
"12-09-2014","26.2","68","2","0","6.7"
"13-09-2014","26.2","71","3","0","7.5"
"14-09-2014","27","68","2","0","7.5"
"15-09-2014","25.6","72","3","0","7.9"
"16-09-2014","26.3","66","3","0","8"
"17-09-2014","26.1","68","3","0","8"
"18-09-2014","26.1","74","3","0","8"
"19-09-2014","27","71","4","0","8"
"20-09-2014","25.9","80","3","0","5.7"
"21-09-2014","24.8","81","2","5.7","7.7"
"22-09-2014","27","63","3","4","8"
"23-09-2014","25.9","66","3","0","8"
"24-09-2014","27.4","61","3","0","8"
"25-09-2014","26","69","4","0","7.2"
"26-09-2014","26.7","64","2","0","7.8"
"27-09-2014","25.7","63","3","0","8"
"28-09-2014","26.2","74","3","0","7.1"
"29-09-2014","26.9","74","2","0","7.5"
"30-09-2014","26.1","77","3","5.7","7.6"
"01-10-2014","27.3","72","2","0","6.2"
"02-10-2014","27.3","75","3","0.2","7.5"
"03-10-2014","26.8","76","3","0","7.9"
"04-10-2014","27.2","68","3","4.7","8"
"05-10-2014","26.8","72","3","0","6.2"
"06-10-2014","26.5","74","3","0","5.1"
"07-10-2014","26.1","77","2","0.1","7"
"08-10-2014","26.2","78","3","0","7.1"
"09-10-2014","27.4","67","3","11.4","8"
"10-10-2014","27.7","59","3","0","8"
"11-10-2014","26.5","62","4","0","8"
"12-10-2014","26.3","67","3","0","7.2"
"13-10-2014","25.6","80","2","0","6.6"
"14-10-2014","27","82","3","17.2","5.6"
"15-10-2014","26.2","82","2","0.7","6.4"
"16-10-2014","27.5","78","2","1.2","7.1"
"17-10-2014","27.1","74","2","0","7.6"
"18-10-2014","27.6","73","2","0","5.9"
"19-10-2014","27.1","74","3","0","5.7"
"20-10-2014","27.3","69","3","0","7.2"
"21-10-2014","27.7","68","3","0","6.7"
"22-10-2014","27.1","74","3","0","5.5"
"23-10-2014","26.3","76","2","0","6"
"24-10-2014","27.5","70","3","7.5","7.7"
"25-10-2014","26.2","77","3","0","7.4"
"26-10-2014","25.7","84","2","26.7","7"
"27-10-2014","27.1","79","2","93.7","7"
"28-10-2014","26.1","82","3","0","7.8"
"29-10-2014","26.9","82","2","12.4","6.2"
"30-10-2014","26.9","80","3","4.5","1.8"
"31-10-2014","26.6","80","2","0","6.1"
"01-11-2014","27.4","83","2","153","6.1"
"02-11-2014","27","83","2","26.5","7.2"
"03-11-2014","27.9","74","2","26.6","8"
"04-11-2014","27.3","75","2","0","7.3"
"05-11-2014","27.2","78","3","92.3","6.1"
"06-11-2014","26.7","77","3","0","7"
"07-11-2014","26.5","81","2","0","2.4"
"08-11-2014","26.6","81","2","0","5.8"
"09-11-2014","26.4","84","2","1.3","6.9"
"10-11-2014","26","85","3","42","4.6"
"11-11-2014","24.3","90","2","15.5","3"
"12-11-2014","25.4","82","2","0.7","3.9"
"13-11-2014","25.4","86","3","44.3","5.7"
"14-11-2014","26","86","2","28.2","3.8"
"15-11-2014","26.8","81","2","0","6.2"
"16-11-2014","26.2","86","2","0.5","4.1"
"17-11-2014","25.1","85","2","15.5","3"
"18-11-2014","26.1","82","2","1.3","3"
"19-11-2014","25.7","86","2","0.1","5.4"
"20-11-2014","25.9","87","2","77.8","6.4"
"21-11-2014","26.1","89","2","0.5","6.6"
"22-11-2014","26.9","84","2","45","5.8"
"23-11-2014","26.8","84","2","0","5.7"
"24-11-2014","25.5","89","3","0","4.4"
"25-11-2014","25.7","86","2","21.3","5.1"
"26-11-2014","26.3","85","2","16.7","3.2"
"27-11-2014","26.9","82","3","3.1","4.6"
"28-11-2014","27.1","81","2","40.4","5.4"
"29-11-2014","25.9","85","2","0.1","4.8"
"30-11-2014","26.8","74","3","20.5","0.2"
"01-12-2014","27.5","74","4","0","2.5"
"02-12-2014","26.2","78","4","0","0.3"
"03-12-2014","25.1","88","2","0","1.4"
"04-12-2014","25.6","86","2","1","2.6"
"05-12-2014","25.6","87","2","0.1","1.1"
"06-12-2014","25.2","89","2","2.6","2.9"
"07-12-2014","25.4","82","2","5.4","2.7"
"08-12-2014","27","78","3","0","3.8"
"09-12-2014","26.4","80","2","0","3"
"10-12-2014","26.8","76","3","0","7.7"
"11-12-2014","27.1","76","3","8888","6.1"
"12-12-2014","25.3","86","2","3","1"
"13-12-2014","25.8","87","2","0.3","0.2"
"14-12-2014","26.6","78","2","0","7"
"15-12-2014","26.5","82","3","0","4.1"
"16-12-2014","27.8","77","2","0","5.3"
"17-12-2014","27.6","78","3","0","4.2"
"18-12-2014","27","82","2","1.3","6.5"
"19-12-2014","26.9","82","2","21","6.2"
"20-12-2014","26.5","84","3","7.4","4.7"
"21-12-2014","27","81","2","0.2","5.9"
"22-12-2014","25.8","88","3","1.4","5.3"
"23-12-2014","26.6","82","3","46.7","6"
"24-12-2014","26.7","81","2","0.2","7"
"25-12-2014","26.1","86","2","4","7"
"26-12-2014","26.1","87","2","14.4","1.6"
"27-12-2014","25","93","2","74.6","0"
"28-12-2014","26.2","78","2","12.8","0"
"29-12-2014","26.6","81","2","3.1","3.3"
"30-12-2014","27.1","77","2","0","1.7"
"31-12-2014","24.4","91","3","0.5","1.1"
"01-01-2015","24.1","94","1","20.8",""
"02-01-2015","","","4","5.1",""
"03-01-2015","24.7","91","3","1.8","2"
"04-01-2015","24.7","88","3","23.7","0.7"
"05-01-2015","26","86","2","21.1","0"
"06-01-2015","","","2","0.4","4.9"
"07-01-2015","26.1","80","3","0.9","3.8"
"08-01-2015","26.3","82","2","",""
"09-01-2015","27.2","76","3","",""
"10-01-2015","26.7","78","3","","7.5"
"11-01-2015","","","","",""
"12-01-2015","24","93","1","8888","11.2"
"13-01-2015","25.5","88","1","10.1",""
"14-01-2015","26.1","86","2","10.3",""
"15-01-2015","25.9","83","2","0.4",""
"16-01-2015","25.2","87","2","7.5","3.1"
"17-01-2015","","","1","7.9","6.4"
"18-01-2015","25.3","88","2","3.8","1.1"
"19-01-2015","24.1","93","0","0.4","0.9"
"20-01-2015","24.3","90","2","23.6",""
"21-01-2015","","","3","6.7","4.4"
"22-01-2015","24.7","93","2","13.8","1.9"
"23-01-2015","24.5","91","1","15.3","0.9"
"24-01-2015","25.2","87","2","1.1","0.7"
"25-01-2015","24.5","93","2","4","5"
"26-01-2015","","","","",""
"27-01-2015","25","92","1","1","5.1"
"28-01-2015","","","3","0.3","0.5"
"29-01-2015","","","2","9.8","6.3"
"30-01-2015","","","","",""
"31-01-2015","24.5","93","2","8","3.9"
"01-02-2015","23.3","97","1","17.8","3.7"
"02-02-2015","25.4","87","2","47.7","0.4"
"03-02-2015","25.3","90","2","3.8","4.5"
"04-02-2015","25.3","89","2","","0.8"
"05-02-2015","25.4","88","2","43.2","1.7"
"06-02-2015","24.3","92","2","21","3.4"
"07-02-2015","25.4","89","1","27.8","4.7"
"08-02-2015","24","93","2","1.7","5.4"
"09-02-2015","22.9","99","1","16.9","0.7"
"10-02-2015","24.5","92","1","88.8","0"
"11-02-2015","23.7","91","1","1","1.7"
"12-02-2015","24.4","90","1","0","0"
"13-02-2015","23.7","94","2","","4.7"
"14-02-2015","26","85","2","14.1","3"
"15-02-2015","24.8","90","1","","7.9"
"16-02-2015","25.2","90","1","1.1","3.3"
"17-02-2015","25.1","92","2","1.4","3.8"
"18-02-2015","24.6","91","2","1","0.6"
"19-02-2015","23.7","94","1","39.5","4.8"
"20-02-2015","25.1","88","1","1.1","0"
"21-02-2015","26.4","75","1","0","1.8"
"22-02-2015","25.5","75","1","","5.4"
"23-02-2015","24.7","84","2","","10.6"
"24-02-2015","26.4","81","2","0","6.3"
"25-02-2015","26.7","82","2","","9.6"
"26-02-2015","26.5","80","1","","6.7"
"27-02-2015","26.3","86","2","","6.5"
"28-02-2015","25.6","88","2","18.7","4.2"
"01-03-2015","25.2","89","2","3.2",""
"02-03-2015","25.6","83","3","","3.8"
"03-03-2015","26.1","83","2","0.4","6"
"04-03-2015","25","82","3","2.6","3.6"
"05-03-2015","25.2","83","2","0","1.9"
"06-03-2015","26.5","76","2","","6.7"
"07-03-2015","25.7","84","3","2.4",""
"08-03-2015","25.6","82","2","","3.4"
"09-03-2015","25.7","83","1","2.6","0.9"
"10-03-2015","25.8","81","3","6.7","4.7"
"11-03-2015","24","95","2","","3.7"
"12-03-2015","24.7","92","2","23.4","2.4"
"13-03-2015","25.9","88","2","5.8","4.4"
"14-03-2015","25.2","88","3","","1"
"15-03-2015","24.7","92","2","32.7","1.3"
"16-03-2015","25.4","88","1","14.6","4.1"
"17-03-2015","26","84","2","8.4","5.9"
"18-03-2015","25.9","84","2","","8.3"
"19-03-2015","26.4","84","2","",""
"20-03-2015","26","86","2","23.2","5.7"
"21-03-2015","","","","",""
"22-03-2015","24.9","87","3","62.6","3.5"
"23-03-2015","","","","",""
"24-03-2015","25.9","89","1","26.5","8.3"
"25-03-2015","24.3","93","2","19","3.5"
"26-03-2015","25","91","1","0.2","4.4"
"27-03-2015","26.4","86","2","1.6","3.6"
"28-03-2015","25.7","85","2","42","9.3"
"29-03-2015","27.2","80","1","","7"
"30-03-2015","27.2","83","2","","6.3"
"31-03-2015","25.9","88","2","7","6.3"
"01-04-2015","26.6","90","2","48","7.6"
"02-04-2015","25.7","90","1","0.2","5.4"
"03-04-2015","","","2","19.5","4.3"
"04-04-2015","25.5","89","2","0.2","4.4"
"05-04-2015","","","1","1.4","4.1"
"06-04-2015","26.1","85","2","9.2","6.3"
"07-04-2015","25.3","90","2","10.6","7.5"
"08-04-2015","25.7","88","1","23.6","4.4"
"09-04-2015","26.2","86","1","3.4","5.1"
"10-04-2015","26.8","83","2","13.7","3.4"
"11-04-2015","27.4","82","2","8888","8.5"
"12-04-2015","26.5","83","2","","6.5"
"13-04-2015","25.5","87","1","","7.1"
"14-04-2015","","","","",""
"15-04-2015","","","2","1.5","4.8"
"16-04-2015","","","","",""
"17-04-2015","","","1","16.3","3.4"
"18-04-2015","25.8","91","1","8888","0.4"
"19-04-2015","25.6","85","2","","3.5"
"20-04-2015","","","","",""
"21-04-2015","26.2","83","3","","5.3"
"22-04-2015","26.3","84","2","0.4","7.5"
"23-04-2015","","","","",""
"24-04-2015","","","","",""
"25-04-2015","","","2","36.6","0"
"26-04-2015","","","1","4.8","0.5"
"27-04-2015","","","3","","5.5"
"28-04-2015","26.2","84","2","4.5","5.8"
"29-04-2015","","","3","","6.2"
"30-04-2015","26.9","81","1","","7.2"
"01-05-2015","25.8","85","2","","8.3"
"02-05-2015","26.7","82","1","","5.7"
"03-05-2015","25.5","88","1","0.3","5.2"
"04-05-2015","25.3","87","1","26.4","2"
"05-05-2015","25.3","86","2","0.3","5.6"
"06-05-2015","26.3","82","1","1","7"
"07-05-2015","26.9","86","1","11","8.8"
"08-05-2015","27.3","78","2","0.3","5.9"
"09-05-2015","26.1","83","2","","6.8"
"10-05-2015","26.8","82","2","5.6","6.4"
"11-05-2015","26.1","80","3","","8.3"
"12-05-2015","26.8","76","2","","7.7"
"13-05-2015","26.6","82","3","",""
"14-05-2015","25.6","89","1","51.4","8.4"
"15-05-2015","25.7","91","2","14.4","5.4"
"16-05-2015","","","","",""
"17-05-2015","27.3","82","1","49.4","8.7"
"18-05-2015","26.8","81","2","0.2",""
"19-05-2015","27.7","82","2","","8.1"
"20-05-2015","","","1","4.6","9.4"
"21-05-2015","26.6","78","1","","9.5"
"22-05-2015","26.1","80","1","","9.8"
"23-05-2015","26.2","75","2","","9.2"
"24-05-2015","25.7","78","1","",""
"25-05-2015","25.7","81","1","","8.4"
"26-05-2015","25.6","87","2","","8.8"
"27-05-2015","25.7","85","2","35.4","6.5"
"28-05-2015","26.2","82","2","","7.6"
"29-05-2015","","","1","","9.2"
"30-05-2015","27.1","79","2","8888","8.5"
"31-05-2015","","","","",""
"01-06-2015","","","1","","9.2"
"02-06-2015","26.1","85","3","0.2","8.3"
"03-06-2015","25.8","87","1","63.1","8.4"
"04-06-2015","","","3","8.2","9.3"
"05-06-2015","26.7","81","2","","8"
"06-06-2015","27","78","2","","8.8"
"07-06-2015","26.8","83","2","8888","9"
"08-06-2015","27.5","80","3","","4.9"
"09-06-2015","","","","",""
"10-06-2015","25.2","88","2","8.4","1.7"
"11-06-2015","26.1","86","2","4.8","3"
"12-06-2015","26.4","83","1","","5.3"
"13-06-2015","26.4","79","2","2.1","8.7"
"14-06-2015","26.3","79","2","","8.9"
"15-06-2015","26.3","79","1","3","8.2"
"16-06-2015","25.6","78","2","","7.6"
"17-06-2015","","","1","","9.3"
"18-06-2015","26","78","1","","9.2"
"19-06-2015","","","1","","9"
"20-06-2015","","","1","","9.4"
"21-06-2015","27","77","1","","7.5"
"22-06-2015","","","1","","7.5"
"23-06-2015","26.2","80","1","","9.3"
"24-06-2015","25.8","77","1","0.4","8.7"
"25-06-2015","25.6","75","2","","9.6"
"26-06-2015","","","","",""
"27-06-2015","26.2","73","2","","9.4"
"28-06-2015","","","3","","9.5"
"29-06-2015","27","75","1","","8"
"30-06-2015","","","1","","9.7"
"01-07-2015","","","","",""
"02-07-2015","25","73","2","","8.3"
"03-07-2015","25.5","70","2","","9.8"
"04-07-2015","25.3","72","1","",""
"05-07-2015","25.5","76","2","","9.1"
"06-07-2015","25.5","73","2","","8.3"
"07-07-2015","27","72","2","","8.1"
"08-07-2015","","","2","","7.4"
"09-07-2015","","","1","0.2","8.2"
"10-07-2015","26.6","74","1","","9.2"
"11-07-2015","26.3","76","2","8888","6.6"
"12-07-2015","26.4","79","3","","8.5"
"13-07-2015","26.7","76","3","","3.8"
"14-07-2015","27.3","71","3","","9.6"
"15-07-2015","26.5","75","2","","5.2"
"16-07-2015","26","76","3","",""
"17-07-2015","27.1","72","2","","8.7"
"18-07-2015","","","","",""
"19-07-2015","26","71","3","","9.4"
"20-07-2015","26.5","74","2","","9.6"
"21-07-2015","26.8","76","3","",""
"22-07-2015","25.4","81","2","","9.6"
"23-07-2015","26.9","77","3","",""
"24-07-2015","26.6","75","3","","9.6"
"25-07-2015","25.2","80","2","","10"
"26-07-2015","26.4","78","2","","7.8"
"27-07-2015","26.5","77","3","0.8","8.5"
"28-07-2015","","","3","","8.7"
"29-07-2015","26.4","76","3","0.6","7.8"
"30-07-2015","","","2","","9.2"
"31-07-2015","24.4","86","2","",""
"01-08-2015","25.3","88","2","94.6","7.9"
"02-08-2015","25.7","82","1","","7.5"
"03-08-2015","24.6","72","2","","8.6"
"04-08-2015","23.6","75","2","","10.4"
"05-08-2015","24.8","73","2","","10.2"
"06-08-2015","25","77","2","","9.3"
"07-08-2015","25.7","78","2","",""
"08-08-2015","25.7","78","2","8888","9"
"09-08-2015","25.9","78","2","","7"
"10-08-2015","26.8","76","2","","7.5"
"11-08-2015","27","78","3","","9.3"
"12-08-2015","26.4","80","2","","9.5"
"13-08-2015","26.4","80","3","0.1",""
"14-08-2015","27.4","79","2","","6.5"
"15-08-2015","26.4","81","3","","6.5"
"16-08-2015","26.7","79","3","","8.3"
"17-08-2015","27.5","73","3","","10.1"
"18-08-2015","27.1","74","2","","9.1"
"19-08-2015","26.6","81","2","","6.7"
"20-08-2015","26.5","76","2","1","8.3"
"21-08-2015","25.7","67","2","","8.3"
"22-08-2015","25.9","73","2","","8.6"
"23-08-2015","26","70","3","","8.2"
"24-08-2015","26.2","72","2","","9.4"
"25-08-2015","26.5","75","2","","9.5"
"26-08-2015","27","74","2","","9.6"
"27-08-2015","27.3","69","2","","4.7"
"28-08-2015","26.8","75","3","","8.8"
"29-08-2015","26.8","76","2","","8.5"
"30-08-2015","27.2","71","1","","6.9"
"31-08-2015","27","71","2","","9"
"01-09-2015","26.8","66","1","","8.4"
"02-09-2015","26","66","2","","8.8"
"03-09-2015","25.2","68","2","","9.8"
"04-09-2015","25.8","73","2","","10.1"
"05-09-2015","26.3","73","2","","8.4"
"06-09-2015","25.7","70","2","","6"
"07-09-2015","26.3","68","2","","9.1"
"08-09-2015","","","2","","8.6"
"09-09-2015","26.6","74","2","3.2","6.3"
"10-09-2015","25.7","75","2","","8.6"
"11-09-2015","26.3","70","1","8888","7.8"
"12-09-2015","27.1","70","2","","7.6"
"13-09-2015","26.9","74","2","",""
"14-09-2015","26.7","78","1","","9.6"
"15-09-2015","25.6","70","3","","6"
"16-09-2015","26","70","3","","7.4"
"17-09-2015","26.5","73","3","","7.3"
"18-09-2015","27.9","67","2","","7.5"
"19-09-2015","26.1","71","3","","9.1"
"20-09-2015","26.5","70","1","","9.8"
"21-09-2015","25.2","78","2","","8.5"
"22-09-2015","26.9","69","3","16","7.3"
"23-09-2015","26.5","65","3","","8.3"
"24-09-2015","26","69","3","","9"
"25-09-2015","26.2","74","2","","9.6"
"26-09-2015","26.5","70","3","2.4","6"
"27-09-2015","25.6","79","3","","7.6"
"28-09-2015","25.3","81","3","4.2","7.2"
"29-09-2015","26","75","2","54","4.8"
"30-09-2015","26.9","71","3","","6.5"
"01-10-2015","26.8","70","2","","6.9"
"02-10-2015","26.1","76","1","","7.3"
"03-10-2015","27.6","67","4","","5.6"
"04-10-2015","27","68","3","","8.2"
"05-10-2015","27.1","71","2","","8"
"06-10-2015","26.6","72","2","","7.7"
"07-10-2015","25.7","82","2","","8.5"
"08-10-2015","25.5","84","3","30.5","7.1"
"09-10-2015","25.6","83","2","1.4","8.4"
"10-10-2015","26.5","75","3","4","7.6"
"11-10-2015","26.6","75","3","","7.8"
"12-10-2015","27","75","2","","7.6"
"13-10-2015","25.2","82","3","","7.9"
"14-10-2015","25.9","83","1","","8.3"
"15-10-2015","26.2","74","2","5.2","8.1"
"16-10-2015","28","73","2","","9.4"
"17-10-2015","27.6","62","3","","7.6"
"18-10-2015","27.1","71","2","","9.9"
"19-10-2015","26.8","74","2","","7.9"
"20-10-2015","26.9","70","2","","6.2"
"21-10-2015","27.5","68","1","","4.9"
"22-10-2015","27.7","65","2","","7.5"
"23-10-2015","26.2","75","2","","9.9"
"24-10-2015","27.2","71","2","","8.2"
"25-10-2015","27.6","73","2","","8.7"
"26-10-2015","28","69","1","","7.2"
"27-10-2015","26.9","75","2","",""
"28-10-2015","28.1","68","2","","7.1"
"29-10-2015","27.9","74","2","","7.7"
"30-10-2015","26","82","3","0.1","7.3"
"31-10-2015","26","82","2","63.5","7.8"
"01-11-2015","26.3","83","3","11.8","7.6"
"02-11-2015","26.7","82","2","24.6","6.9"
"03-11-2015","26.2","86","2","24.4","8.1"
"04-11-2015","26","86","2","5.5","5.8"
"05-11-2015","27.4","80","3","16.8","6.6"
"06-11-2015","27","79","2","1.3","7.6"
"07-11-2015","25.2","89","1","","3.9"
"08-11-2015","25.8","85","2","23.6","3.7"
"09-11-2015","26.3","85","4","155.8","6"
"10-11-2015","26.5","84","2","21.2","6.2"
"11-11-2015","26.3","82","4","","6"
"12-11-2015","26.4","84","2","47.2","6.9"
"13-11-2015","26.1","83","2","47.4","8"
"14-11-2015","27.9","78","2","51.2","6"
"15-11-2015","26.7","81","5","","9.2"
"16-11-2015","26.5","84","2","50.5","8.9"
"17-11-2015","26.9","82","2","62.4","5.8"
"18-11-2015","27.6","75","3","8888","6.7"
"19-11-2015","26.8","81","2","3.9","7.9"
"20-11-2015","26.9","79","3","","6.1"
"21-11-2015","26.2","87","4","3.4","5.6"
"22-11-2015","26.8","83","1","37.6","4.1"
"23-11-2015","26.9","80","2","36.7","8.1"
"24-11-2015","26.2","83","2","",""
"25-11-2015","26.6","82","2","72.6","7.1"
"26-11-2015","26.5","82","2","89.4","6.1"
"27-11-2015","27","81","0","9.6","6.9"
"28-11-2015","26.1","85","2","","4.1"
"29-11-2015","25.9","87","1","26.4","9.3"
"30-11-2015","26.1","87","2","15.4","0"
"01-12-2015","26.8","82","3","67.8","6.7"
"02-12-2015","27.5","79","4","4.5","7.9"
"03-12-2015","26.6","83","3","","8.2"
"04-12-2015","26.1","85","2","14.5","7.1"
"05-12-2015","26.2","85","2","22.6","6.1"
"06-12-2015","26.1","86","2","20.3","5.2"
"07-12-2015","26.5","88","2","81.5","6.3"
"08-12-2015","26.1","88","2","9.5","5.5"
"09-12-2015","26","85","2","3.2","0.9"
"10-12-2015","26.5","83","2","70.8","7.5"
"11-12-2015","26.1","88","2","15.9","7"
"12-12-2015","25.3","89","2","69.7","3.8"
"13-12-2015","26.4","86","1","7.8","4.2"
"14-12-2015","25.9","85","3","0.8","4.1"
"15-12-2015","25.3","89","2","0.1","0"
"16-12-2015","24.8","90","2","4.7","0.1"
"17-12-2015","23.9","89","2","12.4","0"
"18-12-2015","25.7","86","2","4.9","0"
"19-12-2015","25.4","89","2","5.7","2.6"
"20-12-2015","25.4","89","1","12.2","3.5"
"21-12-2015","24.9","88","2","28.1","0.9"
"22-12-2015","26.4","81","3","6.1","0.1"
"23-12-2015","25.8","84","2","","4.1"
"24-12-2015","25.9","78","2","6.3","6.7"
"25-12-2015","26.5","80","2","","7.2"
"26-12-2015","27.9","81","2","","9.6"
"27-12-2015","27.6","84","2","7","7.2"
"28-12-2015","26.1","88","2","48","8.5"
"29-12-2015","27.2","85","2","21.6","5.5"
"30-12-2015","26.1","87","3","33","7.8"
"31-12-2015","26.8","87","2","0.7","7.1"
"01-01-2016","26.5","86","2","0.4","5.7"
"02-01-2016","25.5","91","4","33.4","8.5"
"03-01-2016","25.9","85","2","103.8","5.1"
"04-01-2016","26.9","87","2","6.5","6.1"
"05-01-2016","25.7","92","2","0.9","4.3"
"06-01-2016","25.7","86","2","0.2","6.1"
"07-01-2016","27.8","79","2","40.1","5.9"
"08-01-2016","28.1","80","2","","9.8"
"09-01-2016","26.7","84","3","","7.9"
"10-01-2016","26.7","85","2","41.8","7.8"
"11-01-2016","27.3","82","2","","7.5"
"12-01-2016","25.6","92","1","2.5","6.5"
"13-01-2016","25.9","89","2","25.1","2.6"
"14-01-2016","26.9","84","3","0.8","6"
"15-01-2016","27.4","83","2","4.4","8.5"
"16-01-2016","27.8","79","2","4","6"
"17-01-2016","26.9","84","3","","8.2"
"18-01-2016","26","86","3","","6.1"
"19-01-2016","26.1","87","2","34.2","5.7"
"20-01-2016","25.6","91","3","64.8","7.5"
"21-01-2016","26","90","1","6.9","3.8"
"22-01-2016","26.9","85","2","8888","0.2"
"23-01-2016","25.6","87","1","2.6","1.2"
"24-01-2016","26.1","91","2","2.4","0"
"25-01-2016","25.1","92","1","16.1","0.1"
"26-01-2016","27.1","83","2","2.8","0.4"
"27-01-2016","27","85","2","","6.8"
"28-01-2016","26.3","87","2","8888","6.8"
"29-01-2016","27.1","84","2","48","5.3"
"30-01-2016","26.6","88","0","18","8.8"
"31-01-2016","23.9","93","4","2.6","4.3"
"01-02-2016","25.8","90","2","30.7","0.8"
"02-02-2016","25.4","93","3","2.9","1.6"
"03-02-2016","25.3","87","1","33.5","0.7"
"04-02-2016","25.9","87","1","14.6",""
"05-02-2016","27.1","87","1","3.6","1.9"
"06-02-2016","26.9","87","2","14.7","2.3"
"07-02-2016","26.6","88","2","1.9","5.2"
"08-02-2016","24.3","95","3","1.1","5.1"
"09-02-2016","25.9","90","1","47.7","3.7"
"10-02-2016","24.8","93","3","8.1","2.9"
"11-02-2016","25.8","85","2","18.7","2.6"
"12-02-2016","25.2","92","3","2.4","0.1"
"13-02-2016","26.5","87","2","12.4","0"
"14-02-2016","24.3","95","3","0.7","23"
"15-02-2016","25.8","89","1","39","5.2"
"16-02-2016","25.5","89","2","19.1","6.4"
"17-02-2016","25.7","87","1","26",""
"18-02-2016","25.7","88","3","4.4","0.5"
"19-02-2016","26","86","2","71.8","7.3"
"20-02-2016","26.4","88","2","","7.2"
"21-02-2016","26","89","2","","1"
"22-02-2016","25.9","88","2","","1.1"
"23-02-2016","26.4","86","2","0.2","3.7"
"24-02-2016","25.4","91","2","6.1","6"
"25-02-2016","25.6","89","2","12.2","0.8"
"26-02-2016","25.7","86","2","15.7","5.4"
"27-02-2016","25.9","80","2","14","0.2"
"28-02-2016","25.2","92","2","105.7",""
"29-02-2016","","","","",""
"01-03-2016","25.8","90","1","29.1","0.1"
"02-03-2016","25.4","92","1","7.9","1.8"
"03-03-2016","27","85","1","1.6","0"
"04-03-2016","26.2","88","2","0","7.5"
"05-03-2016","26.2","90","1","4.1","4.8"
"06-03-2016","26","88","2","1.3","1.9"
"07-03-2016","27.1","82","2","24.4","6.1"
"08-03-2016","26.4","89","1","","9.8"
"09-03-2016","26.1","87","1","64.1","6.9"
"10-03-2016","27","86","1","9","5.6"
"11-03-2016","25.9","92","1","36.5","7.1"
"12-03-2016","25.9","86","2","21.9","1.2"
"13-03-2016","25.9","90","1","3.2","7.8"
"14-03-2016","26.4","89","2","73.3","6.9"
"15-03-2016","26.2","86","1","52.1","5.8"
"16-03-2016","26.5","85","2","10.3","8.9"
"17-03-2016","26.6","82","2","","6.1"
"18-03-2016","27.1","85","2","1","8.2"
"19-03-2016","26.8","87","1","","3.6"
"20-03-2016","27.5","85","3","","0.8"
"21-03-2016","26.6","91","1","6","6.7"
"22-03-2016","26","88","2","0.8","3.8"
"23-03-2016","26.4","84","1","15.6","2.6"
"24-03-2016","26.7","81","1","4.5","1.8"
"25-03-2016","26.6","90","2","12.7","7.8"
"26-03-2016","27","85","2","43.2","2.8"
"27-03-2016","26.9","81","3","","4.4"
"28-03-2016","27.3","82","2","0.3","7.4"
"29-03-2016","26.7","85","1","26.4","9.3"
"30-03-2016","26","86","2","0.7","4.9"
"31-03-2016","26.5","87","1","8888","3.2"
"01-04-2016","26.1","85","4","3.2","1.3"
"02-04-2016","25.8","89","2","20.3","8.5"
"03-04-2016","26","83","3","62.4","6.7"
"04-04-2016","27","84","2","15.8","8.7"
"05-04-2016","27.2","87","1","8.3",""
"06-04-2016","26.4","86","1","3.4","4.3"
"07-04-2016","26.8","84","4","62.4","7.6"
"08-04-2016","26.6","88","2","","7.9"
"09-04-2016","26.9","85","3","1.9","5.2"
"10-04-2016","27.3","83","1","2.9","5.3"
"11-04-2016","26.9","84","1","0.6","2.7"
"12-04-2016","27.3","85","1","4","6.6"
"13-04-2016","27.3","84","2","",""
"14-04-2016","27","85","2","0.5","2.5"
"15-04-2016","26.6","87","1","22.7","6.6"
"16-04-2016","28","80","1","0.9",""
"17-04-2016","26.8","87","2","","9.4"
"18-04-2016","26","86","2","41.5","3.1"
"19-04-2016","27.3","86","4","30.9","8.3"
"20-04-2016","26.6","89","2","21.2","6.6"
"21-04-2016","25.8","88","2","108.6","3.9"
"22-04-2016","27.5","82","2","31.9","6.5"
"23-04-2016","27.9","81","2","","8.3"
"24-04-2016","27.4","82","2","11.9","5.2"
"25-04-2016","26.6","86","5","1","7.5"
"26-04-2016","25.1","91","1","73.7","7.3"
"27-04-2016","26.2","86","2","3.8","0"
"28-04-2016","27.2","82","2","5.9","4.8"
"29-04-2016","26.3","91","1","8.9","8.2"
"30-04-2016","25.5","90","2","9.6",""
"01-05-2016","26.8","84","4","53.5",""
"02-05-2016","26.7","85","2","","6.5"
"03-05-2016","26.9","84","2","32.3","5.4"
"04-05-2016","27.8","82","2","","8.1"
"05-05-2016","26.9","85","2","","8"
"06-05-2016","26.9","84","2","","4.8"
"07-05-2016","27.2","84","2","","7.2"
"08-05-2016","27.2","83","2","8888","8.1"
"09-05-2016","26.6","83","3","0","7"
"10-05-2016","27.3","81","1","2.8","8.3"
"11-05-2016","27.6","81","2","8888","8.5"
"12-05-2016","26.9","84","2","0.4","7.7"
"13-05-2016","27.7","81","2","36.4","0"
"14-05-2016","27.3","85","2","15.3","7.7"
"15-05-2016","28.3","81","2","8888","0"
"16-05-2016","27.7","85","1","24","8.6"
"17-05-2016","27.3","85","2","","3.3"
"18-05-2016","27.5","84","1","3.2","6.8"
"19-05-2016","27.1","85","4","","7.2"
"20-05-2016","28","83","1","37","8.7"
"21-05-2016","27.1","88","1","2.8","6.7"
"22-05-2016","26.5","86","1","32.9","4.5"
"23-05-2016","27.4","84","1","0.5","6.1"
"24-05-2016","27","86","3","0","6.3"
"25-05-2016","26.7","82","3","67.2","6.2"
"26-05-2016","26.4","86","2","1.7","7.1"
"27-05-2016","26.2","88","2","12","2.5"
"28-05-2016","27.8","81","2","","0"
"29-05-2016","25.9","85","1","","7.1"
"30-05-2016","25.9","87","1","","1.4"
"31-05-2016","27.2","86","1","7.7","5.2"
"01-06-2016","26.9","87","1","","1.3"
"02-06-2016","27.3","84","3","","6.2"
"03-06-2016","26.6","83","1","17.2","8.2"
"04-06-2016","26.2","85","1","","6.1"
"05-06-2016","27","86","2","2.3","7.2"
"06-06-2016","25.1","89","2","","2.6"
"07-06-2016","25.7","86","2","13.1","5.7"
"08-06-2016","25.5","87","3","81.7","7.6"
"09-06-2016","26.7","88","1","30.9","8.7"
"10-06-2016","26.4","87","2","4",""
"11-06-2016","26.5","84","2","30.7","8"
"12-06-2016","26.3","86","2","","9.4"
"13-06-2016","26.4","89","2","11.3","7.5"
"14-06-2016","25.4","87","3","","5"
"15-06-2016","25.9","85","3","66.2","4.3"
"16-06-2016","27","80","2","","6.2"
"17-06-2016","26.6","84","2","","5.2"
"18-06-2016","24.3","94","1","36.6","7.1"
"19-06-2016","26","81","1","8.5","0"
"20-06-2016","26.4","84","1","","4.8"
"21-06-2016","26.7","81","1","",""
"22-06-2016","26.5","88","1","15.1","7.7"
"23-06-2016","26.3","85","1","1","4.9"
"24-06-2016","26.8","81","2","7.8","6.9"
"25-06-2016","25.3","81","1","","9.7"
"26-06-2016","25.5","85","3","4.3","7.8"
"27-06-2016","25.7","83","1","5.4","6.3"
"28-06-2016","26.1","82","1","","4.7"
"29-06-2016","25.9","85","1","","1"
"30-06-2016","25.8","88","3","37","3.1"
"01-07-2016","26.6","82","1","3.3","7.5"
"02-07-2016","27.1","78","2","","4.1"
"03-07-2016","26","88","2","0.5","9.5"
"04-07-2016","26.2","83","2","63.3","5.2"
"05-07-2016","25.9","87","1","0.5","8.8"
"06-07-2016","26.8","83","1","18.2","7.5"
"07-07-2016","26.1","83","2","","9"
"08-07-2016","26.7","83","2","3.5","8.6"
"09-07-2016","26.7","83","1","19.2","9.7"
"10-07-2016","25.9","86","1","","6.6"
"11-07-2016","26.6","82","1","","2.6"
"12-07-2016","26.5","84","0","35.1","6.3"
"13-07-2016","26.5","83","2","8888",""
"14-07-2016","26.7","83","2","","7"
"15-07-2016","27.2","81","2","","6.7"
"16-07-2016","26.3","86","1","","9.3"
"17-07-2016","25.9","89","2","19.6","6.1"
"18-07-2016","25.3","87","2","29.5","5.3"
"19-07-2016","25.5","89","2","1.2","8.2"
"20-07-2016","25.2","88","3","3.5","8.5"
"21-07-2016","25.6","81","2","19.7","4.1"
"22-07-2016","24.9","91","1","23.5","8.4"
"23-07-2016","24.9","84","1","2.1","4"
"24-07-2016","25.3","86","3","8888","7.8"
"25-07-2016","26","87","2","14.6","8.5"
"26-07-2016","25.7","79","2","","4.4"
"27-07-2016","26.6","78","3","19.6","9.7"
"28-07-2016","25.9","80","1","","9.9"
"29-07-2016","26.1","85","2","","4.3"
"30-07-2016","26.5","84","3","8.1","7.6"
"31-07-2016","26.5","77","2","7.5","7.1"
"01-08-2016","26.3","83","2","","9.4"
"02-08-2016","25.8","78","2","9.6","7.7"
"03-08-2016","25.9","71","2","8888","10"
"04-08-2016","25.6","77","2","","7.8"
"05-08-2016","25.8","79","2","","10.2"
"06-08-2016","26.1","77","2","","9.3"
"07-08-2016","26.3","81","2","","9.9"
"08-08-2016","25.7","90","1","66.7","8.4"
"09-08-2016","25.6","87","2","42.5","3.2"
"10-08-2016","26.3","80","1","28.6",""
"11-08-2016","26.2","85","1","28.4","10.1"
"12-08-2016","26.6","82","1","7.9","5.7"
"13-08-2016","25.9","87","2","15.1","5.8"
"14-08-2016","25.6","88","2","2.9",""
"15-08-2016","26.5","86","1","28.1","1.5"
"16-08-2016","25.9","84","1","","3.5"
"17-08-2016","26.8","79","2","","0"
"18-08-2016","26.5","86","2","11","8.6"
"19-08-2016","26.1","84","2","8888","3.4"
"20-08-2016","26.3","79","2","13.5","9.1"
"21-08-2016","25.6","86","2","15.7","9.9"
"22-08-2016","26.3","82","2","19.4","7.6"
"23-08-2016","26.4","83","2","5.7","8.5"
"24-08-2016","26.4","84","2","12","8.6"
"25-08-2016","25.4","82","2","","8.6"
"26-08-2016","26.2","83","3","8888","5.4"
"27-08-2016","25.5","87","2","8888","6.5"
"28-08-2016","26.9","83","2","3.8","4.6"
"29-08-2016","27","83","2","","4.9"
"30-08-2016","25.5","89","3","","2.7"
"31-08-2016","25.7","85","3","4.7","2.7"
"01-09-2016","25.8","85","2","1.6","7.8"
"02-09-2016","25.9","86","1","35.5","9.1"
"03-09-2016","25.9","84","2","7.9","6.7"
"04-09-2016","26.4","82","4","31.8","6.9"
"05-09-2016","26.8","82","1","28.4","7.2"
"06-09-2016","27.3","79","3","","7.6"
"07-09-2016","25.5","86","2","33.2","8.6"
"08-09-2016","24.5","92","1","14.3","6.4"
"09-09-2016","26.9","81","2","96.3",""
"10-09-2016","25.9","84","3","","5.7"
"11-09-2016","25.9","84","2","39.7","6.8"
"12-09-2016","26.3","83","3","5.8","8.9"
"13-09-2016","26.5","81","2","0.9","7.9"
"14-09-2016","26.4","81","2","8888","9.3"
"15-09-2016","26.3","84","2","6.1","7.4"
"16-09-2016","26.2","82","3","8888","5.4"
"17-09-2016","26.5","86","2","45.6","5.3"
"18-09-2016","27.3","83","2","13.6","1.7"
"19-09-2016","26.7","85","2","0.7","4.1"
"20-09-2016","27","83","2","14.8","6.4"
"21-09-2016","25.3","90","2","0.5","6.7"
"22-09-2016","27","84","2","3.9","4.2"
"23-09-2016","26.1","85","2","","2.9"
"24-09-2016","25.8","88","1","2.6","4"
"25-09-2016","26.9","81","2","4.7","4.4"
"26-09-2016","27.3","77","2","","5.3"
"27-09-2016","26.6","83","2","","5.4"
"28-09-2016","26.1","85","1","9.9","5.2"
"29-09-2016","25.9","87","2","20","1.8"
"30-09-2016","24.9","91","1","20.4","4.2"
"01-10-2016","26.6","83","2","8888","1.4"
"02-10-2016","25.8","88","1","8888","7.4"
"03-10-2016","26.6","82","1","0.4","0.6"
"04-10-2016","25.3","89","2","0.2","6.9"
"05-10-2016","25","90","0","2",""
"06-10-2016","26.5","83","1","33.3","1.7"
"07-10-2016","25.7","87","2","0.3",""
"08-10-2016","25.7","89","1","73.3","7.9"
"09-10-2016","25.7","87","2","2","0.4"
"10-10-2016","24.9","90","0","9.3","4.6"
"11-10-2016","25.6","90","1","31.9","0"
"12-10-2016","25.5","94","0","4.5","2.4"
"13-10-2016","25.7","89","1","21.8","0"
"14-10-2016","25.6","86","2","9.6","0.9"
"15-10-2016","26.1","85","1","","1"
"16-10-2016","27.4","79","2","0.8","2.8"
"17-10-2016","27.2","77","2","","6.4"
"18-10-2016","27.2","84","2","6.8","4.9"
"19-10-2016","27.1","84","1","29.4","3.7"
"20-10-2016","27.3","81","1","10.8","6.1"
"21-10-2016","25.5","88","1","12.2","6.1"
"22-10-2016","26.8","84","3","8","4.2"
"23-10-2016","24.3","96","1","34.7","2.8"
"24-10-2016","25.8","89","1","10.3","0.3"
"25-10-2016","26","91","2","1.1","3"
"26-10-2016","26.6","84","1","0.9","7.2"
"27-10-2016","25","91","1","","3.1"
"28-10-2016","25.5","89","3","2.4","2.3"
"29-10-2016","25.8","89","4","8.7","1.2"
"30-10-2016","24.8","91","2","15.1","6.3"
"31-10-2016","25.7","86","1","45.9","3.9"
"01-11-2016","25.9","86","1","16.2","4.4"
"02-11-2016","26.1","85","2","","6.3"
"03-11-2016","26.5","85","2","","4.8"
"04-11-2016","26.9","81","4","1.1","4.7"
"05-11-2016","27.1","81","2","","4.9"
"06-11-2016","26.8","87","2","","3.1"
"07-11-2016","26.1","87","1","50.2","5.6"
"08-11-2016","25.6","90","2","3.3","7.9"
"09-11-2016","25.5","88","3","3.6","5.3"
"10-11-2016","26.2","85","3","15","5.2"
"11-11-2016","24.7","92","1","3.6","5.7"
"12-11-2016","25.7","89","2","25","2.5"
"13-11-2016","25.7","89","1","2.4","5.1"
"14-11-2016","25.9","89","3","19.5","3.8"
"15-11-2016","25.9","88","4","3.5","2.8"
"16-11-2016","25.4","86","2","13.1","3.1"
"17-11-2016","26.8","83","3","39.5","6.1"
"18-11-2016","25.2","92","2","3.9","7.8"
"19-11-2016","25.9","85","2","1.4","2.2"
"20-11-2016","26.7","86","1","37.2","7.3"
"21-11-2016","25.7","91","1","9.9","4.6"
"22-11-2016","25.8","87","2","1.8","1"
"23-11-2016","25.7","88","3","33.1","3.9"
"24-11-2016","26.9","84","2","0.5","2.9"
"25-11-2016","26.2","86","2","","2.1"
"26-11-2016","25","91","1","0.3","0"
"27-11-2016","26.4","89","1","12.7",""
"28-11-2016","25.5","89","2","12.3","4.7"
"29-11-2016","25.9","89","1","14.1","0.6"
"30-11-2016","","","1","","0"
"01-12-2016","26.7","82","2","0.5",""
"02-12-2016","25.4","84","2","8888","0.1"
"03-12-2016","26.7","80","4","6.8","0"
"04-12-2016","24.6","86","5","1.1","2"
"05-12-2016","24.7","86","2","8888","0.5"
"06-12-2016","25.6","88","2","8.1","1.1"
"07-12-2016","26","89","2","8888","1.9"
"08-12-2016","26.5","85","1","19.1","0"
"09-12-2016","26.7","83","4","0.3","7"
"10-12-2016","26.3","83","3","","6.1"
"11-12-2016","25","87","2","0.8","6"
"12-12-2016","25.2","86","3","19.9",""
"13-12-2016","26.7","80","2","8888","2.8"
"14-12-2016","26.1","84","3","","2.5"
"15-12-2016","25.3","83","5","10.3","4.6"
"16-12-2016","26.7","75","4","0.3","5.6"
"17-12-2016","26.6","80","2","","3.1"
"18-12-2016","26.1","80","4","6.5","2.1"
"19-12-2016","26","83","3","8888","6.5"
"20-12-2016","27","77","3","1.2","1.4"
"21-12-2016","25.3","81","4","","9"
"22-12-2016","25.6","82","3","0.3","6.7"
"23-12-2016","26.9","81","2","3.4","7"
"24-12-2016","26.9","82","1","","6.7"
"25-12-2016","25.8","82","3","","2.1"
"26-12-2016","27.2","75","3","","0.6"
"27-12-2016","25.8","82","1","8","7.9"
"28-12-2016","26.6","80","2","0.1","2.1"
"29-12-2016","26.1","84","2","10.3","5.1"
"30-12-2016","24.9","90","1","","4.6"
"31-12-2016","26.3","81","1","19.6","1.5"
"01-01-2017","27.7","75","1","","7.6"
"02-01-2017","25.9","83","2","","7.5"
"03-01-2017","27.8","74","2","","6.6"
"04-01-2017","24.9","89","1","28.6","3.5"
"05-01-2017","26.1","87","2","2.6","0"
"06-01-2017","26.7","83","2","12.9","0.9"
"07-01-2017","27.1","77","2","","5.8"
"08-01-2017","26.9","78","1","","8.4"
"09-01-2017","24.6","94","0","0.2","8.2"
"10-01-2017","26.3","87","1","16.5","3"
"11-01-2017","26.1","87","3","8","2.5"
"12-01-2017","26.4","80","2","2.2","4.7"
"13-01-2017","26.8","83","2","0.4","6.2"
"14-01-2017","25.2","86","1","","1.2"
"15-01-2017","25.1","87","1","9","0"
"16-01-2017","24.2","90","2","1.3","0.9"
"17-01-2017","24.2","86","2","12.8","0"
"18-01-2017","26.6","76","3","4.2","2.2"
"19-01-2017","25.8","81","2","","6.6"
"20-01-2017","26","83","2","","7.3"
"21-01-2017","26.6","80","2","8888","5.4"
"22-01-2017","26.3","82","3","0.5","5.8"
"23-01-2017","26.6","83","2","0.2","5.7"
"24-01-2017","25.7","84","2","","4.9"
"25-01-2017","27","77","2","1.5","3.9"
"26-01-2017","25.6","83","0","1.5","3"
"27-01-2017","25.1","85","1","","0.2"
"28-01-2017","24.3","92","1","0.5","2.3"
"29-01-2017","24.5","90","2","12.7","0"
"30-01-2017","25.2","85","2","13.3","0.2"
"31-01-2017","25.1","88","1","1.5","1.9"
"01-02-2017","23.8","88","2","27","0.9"
"02-02-2017","24.9","83","2","5","0.6"
"03-02-2017","24.2","88","1","12.5","0"
"04-02-2017","24.4","89","2","21.3","0"
"05-02-2017","25.8","83","4","8.5","0.4"
"06-02-2017","25.5","82","3","1.1","7"
"07-02-2017","25.3","83","5","1.7","4.9"
"08-02-2017","25.7","82","4","8","3.6"
"09-02-2017","24","86","3","13.5","0.5"
"10-02-2017","24.5","88","2","31.5","0"
"11-02-2017","23.8","95","1","16.1",""
"12-02-2017","24.8","91","1","31.3","0"
"13-02-2017","25.1","93","1","4.7","0"
"14-02-2017","25.2","88","1","10","1.7"
"15-02-2017","24.8","90","1","30.5","1.2"
"16-02-2017","24.7","89","1","36.6","3.2"
"17-02-2017","25.9","85","2","8.9","2.6"
"18-02-2017","25.5","88","0","5.8","4.2"
"19-02-2017","24.7","94","0","","0"
"20-02-2017","24.6","94","0","26.3",""
"21-02-2017","24.4","91","0","75","0"
"22-02-2017","25.6","87","1","18","0.8"
"23-02-2017","25.3","88","1","11.9","7.1"
"24-02-2017","25.1","91","1","33",""
"25-02-2017","25.4","86","1","8.5","2.6"
"26-02-2017","25.4","87","1","12","4.6"
"27-02-2017","25.3","90","1","40","6.2"
"28-02-2017","25.4","88","1","27.8","7.1"
"01-03-2017","25.7","89","1","4.3","2.6"
"02-03-2017","25.7","85","2","6.2","5.5"
"03-03-2017","26","86","1","0.4","6.5"
"04-03-2017","25.6","89","1","13.7","4.2"
"05-03-2017","","","","",""
"06-03-2017","26","86","2","6.8","5.8"
"07-03-2017","25","91","2","6.1","5.6"
"08-03-2017","26.3","84","2","44.2","3.9"
"09-03-2017","25.3","86","1","11.5","3.6"
"10-03-2017","25.7","87","1","0.8","7.4"
"11-03-2017","25.3","83","2","7.4","3.6"
"12-03-2017","25.5","84","2","1.8","7.2"
"13-03-2017","27.2","76","1","1.9","5"
"14-03-2017","27.2","77","2","","8.3"
"15-03-2017","26.2","80","1","8888","2.4"
"16-03-2017","26.5","81","2","","3.4"
"17-03-2017","25.8","85","1","18.8","8.8"
"18-03-2017","25.1","92","1","2.2","7.7"
"19-03-2017","25.4","86","2","16.1","0"
"20-03-2017","25.3","86","3","11.6","0.9"
"21-03-2017","26.3","83","1","2.4","1.1"
"22-03-2017","25.7","91","2","29.1","5.9"
"23-03-2017","25.2","91","0","6.8","0.8"
"24-03-2017","26.2","82","2","0.4","0"
"25-03-2017","26.4","88","1","","7.8"
"26-03-2017","24.9","91","1","","2.3"
"27-03-2017","25.4","86","2","18.2","2.4"
"28-03-2017","25.5","84","1","","5.6"
"29-03-2017","","","1","35.3","6.8"
"30-03-2017","","","","",""
"31-03-2017","25.6","89","2","24.2","4.7"
"01-04-2017","25.9","86","1","","0.9"
"02-04-2017","26.3","87","1","3.6","4.7"
"03-04-2017","25.8","89","2","1.2",""
"04-04-2017","","","0","1.8","3.2"
"05-04-2017","25.7","88","0","1.6","6.3"
"06-04-2017","25.6","89","0","13.5","3.8"
"07-04-2017","26.1","86","2","10.1","3.1"
"08-04-2017","25.9","82","4","0.2","0"
"09-04-2017","26.1","","2","","1"
"10-04-2017","25.8","84","1","8888",""
"11-04-2017","26.3","88","3","9.9",""
"12-04-2017","26.3","84","2","50.3","4.2"
"13-04-2017","26.9","83","1","1","2.8"
"14-04-2017","26.4","88","1","3","4.7"
"15-04-2017","25.9","88","1","4","4.4"
"16-04-2017","25.7","87","2","12.2","5.5"
"17-04-2017","26.6","81","2","16.4","1.7"
"18-04-2017","27.1","82","4","","9"
"19-04-2017","25.9","85","1","1.1","8.1"
"20-04-2017","26","86","1","50","6.6"
"21-04-2017","27.1","84","1","8888","8.6"
"22-04-2017","25.3","92","1","9.3","4.1"
"23-04-2017","25.6","87","1","28.2","4.1"
"24-04-2017","26.2","86","1","2.8","4.4"
"25-04-2017","26.6","83","2","0","6.9"
"26-04-2017","26.1","83","2","8888","9.1"
"27-04-2017","25.8","86","1","2.2","2.2"
"28-04-2017","25.7","84","1","27.1","4.6"
"29-04-2017","26.6","79","1","34.4","6.6"
"30-04-2017","26.7","81","2","","7.3"
"01-05-2017","25.8","84","2","","8.4"
"02-05-2017","25.7","","1","48.1","8.3"
"03-05-2017","26.6","87","1","",""
"04-05-2017","25.7","86","1","1.8","3.2"
"05-05-2017","24.7","89","2","11.4","7.4"
"06-05-2017","25.6","88","1","10.3","4.1"
"07-05-2017","25.3","88","2","17.1","6.7"
"08-05-2017","24.8","88","1","1.3","2.6"
"09-05-2017","27.3","82","0","",""
"10-05-2017","25.2","93","0","26.5","5.1"
"11-05-2017","25.6","84","2","0","0"
"12-05-2017","25.8","87","1","0.5","2.4"
"13-05-2017","27.4","80","3","0.3","7.8"
"14-05-2017","26.6","84","2","2.8","8.2"
"15-05-2017","27.5","77","0","43.7","7.1"
"16-05-2017","27.4","83","2","8888","7.9"
"17-05-2017","27.7","83","1","8888","7.6"
"18-05-2017","27","82","1","8888","6.8"
"19-05-2017","27.4","83","3","0.5","7.1"
"20-05-2017","26.9","85","1","3.3","8.9"
"21-05-2017","27.7","76","1","1.1","8.9"
"22-05-2017","27.4","82","1","11.6","7.1"
"23-05-2017","27.1","79","1","0.7","8.5"
"24-05-2017","26.9","85","1","","8.7"
"25-05-2017","26.9","80","2","37","5.9"
"26-05-2017","26.6","80","1","","7.7"
"27-05-2017","27.8","81","1","","9"
"28-05-2017","25.8","89","3","","3.4"
"29-05-2017","25.9","90","1","29.4","1.6"
"30-05-2017","26.4","86","1","1","0"
"31-05-2017","26.7","83","2","","3.1"
"01-06-2017","26.4","81","1","1.2","4.9"
"02-06-2017","26.5","84","1","0.5","2.4"
"03-06-2017","26.2","87","1","","0.8"
"04-06-2017","26.2","86","3","38.5","7.5"
"05-06-2017","27.3","82","1","9.7",""
"06-06-2017","26.7","82","1","10.8","8.7"
"07-06-2017","27.4","80","1","","7.9"
"08-06-2017","26.7","77","2","","8.7"
"09-06-2017","26.6","80","1","","10.2"
"10-06-2017","26.6","85","2","2.1","10.1"
"11-06-2017","26.2","87","2","1.8","7.5"
"12-06-2017","26.6","82","0","9",""
"13-06-2017","26.7","83","2","0.2","4.7"
"14-06-2017","26.7","85","1","4","4"
"15-06-2017","26.5","85","1","51.2","5.3"
"16-06-2017","27.1","81","1","","5.2"
"17-06-2017","27","82","4","","7.2"
"18-06-2017","25.6","85","2","36.2","8.7"
"19-06-2017","25.8","81","1","50.8","8.1"
"20-06-2017","26.7","78","0","1.5","7.6"
"21-06-2017","26","78","1","","7.9"
"22-06-2017","26.2","84","2","8888","6"
"23-06-2017","26.1","85","1","","1"
"24-06-2017","25.6","85","1","8888","1.6"
"25-06-2017","26.6","80","3","","0"
"26-06-2017","25","91","3","3.3","8.7"
"27-06-2017","25.6","86","1","51.2","4.4"
"28-06-2017","25.5","85","2","8888","5.4"
"29-06-2017","25.3","87","2","10","7.9"
"30-06-2017","24.8","88","3","117.6","8.3"
"01-07-2017","24.9","77","1","8.6","4.2"
"02-07-2017","26.9","80","2","0.5","2.4"
"03-07-2017","","","1","",""
"04-07-2017","27.1","81","2","20.7","9.1"
"05-07-2017","26.6","80","2","0","8.9"
"06-07-2017","26.1","79","0","6.6","7"
"07-07-2017","25.8","83","2","","5.1"
"08-07-2017","26.5","82","0","","6.6"
"09-07-2017","26.7","79","1","0.5","6.7"
"10-07-2017","26.2","85","2","74.1","8.2"
"11-07-2017","25.8","82","1","1.6","5.9"
"12-07-2017","26","82","1","0.5","7.4"
"13-07-2017","26.4","81","1","","6.3"
"14-07-2017","26","81","1","4.1","3.9"
"15-07-2017","26","81","0","","2.4"
"16-07-2017","25.4","84","2","","0.5"
"17-07-2017","25.3","72","2","1.5","4.4"
"18-07-2017","25.6","82","1","","7.8"
"19-07-2017","26.3","80","1","","2.2"
"20-07-2017","25.7","85","1","2.5","8.6"
"21-07-2017","26.2","83","1","5.6","6.1"
"22-07-2017","25.6","87","2","30.4","7.3"
"23-07-2017","26","87","1","65.8","8"
"24-07-2017","26.2","83","2","0.3","4.3"
"25-07-2017","26.2","78","2","12.5","8.3"
"26-07-2017","26.5","73","0","","8.9"
"27-07-2017","25.1","82","1","","9.4"
"28-07-2017","25.6","86","4","41.4","4.8"
"29-07-2017","25.6","89","1","77.3","6"
"30-07-2017","25","89","2","18.1","5.1"
"31-07-2017","26.6","83","1","29.3","8.3"
"01-08-2017","25.6","73","1","","9.1"
"02-08-2017","25.4","73","1","","9.7"
"03-08-2017","25.9","74","3","","8.3"
"04-08-2017","25.7","72","1","","9.7"
"05-08-2017","25.9","76","1","","8.7"
"06-08-2017","26.6","75","4","","9.8"
"07-08-2017","27","79","1","","8.4"
"08-08-2017","24.6","83","1","","8.3"
"09-08-2017","25.8","80","1","48","8.2"
"10-08-2017","26","85","1","70","7"
"11-08-2017","25.5","84","1","","7.3"
"12-08-2017","27.1","84","2","13.7","7.5"
"13-08-2017","26.1","84","1","2.8","4.7"
"14-08-2017","26.2","83","1","0.8","5.8"
"15-08-2017","25.9","80","2","0.4","5.4"
"16-08-2017","25.5","69","1","","7.7"
"17-08-2017","26.4","75","2","",""
"18-08-2017","26.7","76","1","",""
"19-08-2017","27.6","73","1","","4.3"
"20-08-2017","27","79","1","","8.3"
"21-08-2017","27","77","1","","3.6"
"22-08-2017","26.5","75","1","",""
"23-08-2017","26","74","2","","8.1"
"24-08-2017","26.7","73","2","","6.2"
"25-08-2017","27","72","1","","8.7"
"26-08-2017","27.2","67","2","","9.3"
"27-08-2017","25.8","67","3","","7.8"
"28-08-2017","26","72","1","","10.5"
"29-08-2017","25.2","83","2","","8.3"
"30-08-2017","25.8","82","2","43.5","5.7"
"31-08-2017","26.8","76","0","","8.2"
"01-09-2017","26.4","73","1","1.1","7.2"
"02-09-2017","26.8","72","3","","8"
"03-09-2017","26.5","74","1","","8.4"
"04-09-2017","26.8","74","2","","9.5"
"05-09-2017","","","2","","7.9"
"06-09-2017","","","","",""
"07-09-2017","","","","",""
"08-09-2017","26.8","73","2","","8.7"
"09-09-2017","26.7","78","1","","8.7"
"10-09-2017","26.4","80","2","28.5","8.2"
"11-09-2017","","","4","0.2","9.3"
"12-09-2017","","","","",""
"13-09-2017","","","0","19.1","5.9"
"14-09-2017","","","","",""
"15-09-2017","27.4","75","1","0","9.5"
"16-09-2017","27.4","72","2","","8.7"
"17-09-2017","","","3","","8.1"
"18-09-2017","","","","",""
"19-09-2017","","","2","","9.5"
"20-09-2017","","","","",""
"21-09-2017","26","73","1","5.4","6.7"
"22-09-2017","26.3","70","2","","7.8"
"23-09-2017","","","","",""
"24-09-2017","","","0","63","8.6"
"25-09-2017","","","1","17.9","2.1"
"26-09-2017","","","4","2.1","4.3"
"27-09-2017","","","1","","5"
"28-09-2017","","","1","20.1","0"
"29-09-2017","26.2","86","2","","7.4"
"30-09-2017","","","","",""
"01-10-2017","25.8","83","1","14.8","6.7"
"02-10-2017","26.1","87","2","6.3","5.9"
"03-10-2017","25.5","88","1","76.9","5.5"
"04-10-2017","26.4","82","2","12.2","5.4"
"05-10-2017","27.3","78","1","","7.4"
"06-10-2017","27.4","76","1","","8.6"
"07-10-2017","26","79","1","","8.8"
"08-10-2017","","","2","38.1","7.1"
"09-10-2017","25.8","85","2","1","6.5"
"10-10-2017","26.6","84","1","5.6","4.1"
"11-10-2017","27.3","80","1","","1.9"
"12-10-2017","25.4","85","0","7.2","7.2"
"13-10-2017","25.7","81","1","8.4","2.5"
"14-10-2017","27.4","79","2","3.7","7.7"
"15-10-2017","27.3","74","1","","6.2"
"16-10-2017","25.5","88","1","0.5","8.2"
"17-10-2017","26.9","79","0","2.7","3.4"
"18-10-2017","26.9","80","2","8888",""
"19-10-2017","","","","",""
"20-10-2017","25.7","87","2","6.7","2.1"
"21-10-2017","28","79","1","56.6","6.8"
"22-10-2017","27.8","79","1","","8.4"
"23-10-2017","26.4","81","2","","6"
"24-10-2017","27.4","78","1","11.8","7.4"
"25-10-2017","27.1","80","3","","8.4"
"26-10-2017","","","","",""
"27-10-2017","26.3","84","1","6.7","4.7"
"28-10-2017","26.4","84","1","10.1","7.1"
"29-10-2017","25.8","88","2","19.3","4.5"
"30-10-2017","","","1","13.5","1.9"
"31-10-2017","","","","",""
"01-11-2017","27","76","1","8888","7.4"
"02-11-2017","27.4","79","1","","8.9"
"03-11-2017","27.7","78","2","","7.9"
"04-11-2017","26.5","84","1","","7.1"
"05-11-2017","27.2","82","1","38.6","3.7"
"06-11-2017","27.4","79","2","8888",""
"07-11-2017","25.8","89","2","5","7.9"
"08-11-2017","26.9","80","2","0.2","1.5"
"09-11-2017","26.3","83","2","0.2","6"
"10-11-2017","26","82","1","18.4","5"
"11-11-2017","26.4","80","2","9.8","6.5"
"12-11-2017","26.4","84","1","6","6.2"
"13-11-2017","24.7","92","1","0.1",""
"14-11-2017","25.9","82","1","4.8","3.5"
"15-11-2017","26.8","85","1","5.3","1.9"
"16-11-2017","25.1","91","1","","1.7"
"17-11-2017","24.6","90","1","23.2","5.3"
"18-11-2017","25.5","88","1","2",""
"19-11-2017","25.3","86","2","41.4","4.1"
"20-11-2017","27.4","77","2","0.2","0.3"
"21-11-2017","26.1","76","1","","9.1"
"22-11-2017","25.8","87","1","8888","0.7"
"23-11-2017","27.5","79","1","0.5","3.9"
"24-11-2017","27.6","72","1","8888","7.3"
"25-11-2017","26.9","80","1","",""
"26-11-2017","25.2","89","1","","0"
"27-11-2017","25.3","87","1","16.3","2.7"
"28-11-2017","25.1","84","1","29.7",""
"29-11-2017","27.6","69","4","1.8",""
"30-11-2017","24.4","89","3","3.3",""
"01-12-2017","24.7","81","2","10.2",""
"02-12-2017","26.1","79","1","8888","2.2"
"03-12-2017","27.4","79","2","","2.5"
"04-12-2017","26.9","80","2","","8.8"
"05-12-2017","26.2","79","2","0","8.6"
"06-12-2017","27.1","74","2","","6"
"07-12-2017","27.9","76","2","","8.3"
"08-12-2017","27.9","79","4","1.2","8.6"
"09-12-2017","26.4","84","1","24.7","6.2"
"10-12-2017","26.4","82","1","0.4","6.1"
"11-12-2017","25.6","90","1","33.2","4.3"
"12-12-2017","24.9","92","0","11.2",""
"13-12-2017","25.5","88","0","10.6","1.5"
"14-12-2017","24.5","91","0","8888",""
"15-12-2017","","","","",""
"16-12-2017","","","","",""
"17-12-2017","24.7","88","1","15.2","3.5"
"18-12-2017","25.8","85","1","7.2","2.4"
"19-12-2017","","","1","30","4.9"
"20-12-2017","","","","",""
"21-12-2017","","","","",""
"22-12-2017","25.9","87","1","1.2","0.9"
"23-12-2017","26.1","83","2","8888","4.9"
"24-12-2017","27.3","76","0","0.3","3.2"
"25-12-2017","25.6","76","1","","10.3"
"26-12-2017","25.8","77","2","","10.8"
"27-12-2017","26","82","1","","9.5"
"28-12-2017","","","3","","1.4"
"29-12-2017","","","1","","3.6"
"30-12-2017","26.2","84","1","","7.1"
"31-12-2017","25.9","84","1","3.3","3"
"01-01-2018","26.9","78","1","","5.2"
"02-01-2018","27","79","0","","10.5"
"03-01-2018","26.2","85","1","22.4","5.9"
"04-01-2018","25.5","88","1","27.5","8.7"
"05-01-2018","25.9","81","2","0.5","2.1"
"06-01-2018","27.2","74","1","0.5","1.5"
"07-01-2018","26.2","84","1","","0.6"
"08-01-2018","27.2","80","1","","0.1"
"09-01-2018","26.6","80","1","","4.8"
"10-01-2018","26.7","74","2","",""
"11-01-2018","25.6","79","2","8888",""
"12-01-2018","26","76","1","1.2","0"
"13-01-2018","26.3","77","5","0.6","1.4"
"14-01-2018","25.5","81","3","4.9","3.9"
"15-01-2018","24.4","87","2","3.7","1.7"
"16-01-2018","24.1","85","2","7.7","1.8"
"17-01-2018","25.9","76","2","1.3","1"
"18-01-2018","25.4","84","2","0","0.3"
"19-01-2018","25.2","81","2","1.9","0"
"20-01-2018","25.9","79","2","1.1","0"
"21-01-2018","25.8","80","3","3.4","0.7"
"22-01-2018","24.3","87","4","17.4","1"
"23-01-2018","25.5","81","3","29.8",""
"24-01-2018","26.7","78","3","16.1",""
"25-01-2018","24.9","82","3","7.4","2.5"
"26-01-2018","24","92","3","8.8","0"
"27-01-2018","26","79","4","10.8","0.3"
"28-01-2018","24.2","89","2","0.8","3.7"
"29-01-2018","24.2","90","2","17.4","1"
"30-01-2018","26.2","83","1","",""
"31-01-2018","26.4","82","2","3.3","3"
"01-02-2018","27.2","78","3","8888","5.3"
"02-02-2018","27.6","73","1","","4.1"
"03-02-2018","25.6","86","2","61.5","7.3"
"04-02-2018","25.8","86","2","13.3","1.5"
"05-02-2018","24.9","84","1","30.4",""
"06-02-2018","23.5","95","2","10.4","0"
"07-02-2018","26.4","79","1","21.4","0.3"
"08-02-2018","24.3","90","1","4.1","0.5"
"09-02-2018","24.9","90","1","4.3","0.4"
"10-02-2018","25.6","89","1","8.7","4.1"
"11-02-2018","25.3","87","3","3.7","4.5"
"12-02-2018","24.7","88","1","1.2","2.2"
"13-02-2018","25.4","82","5","62.7","2.1"
"14-02-2018","25.3","85","1","11.7","0.8"
"15-02-2018","24.4","89","1","0.5","2.6"
"16-02-2018","26.2","84","2","55.1","0"
"17-02-2018","25.2","81","1","8888","5"
"18-02-2018","25.4","85","2","0.4","7.2"
"19-02-2018","26.5","84","2","4.8","2.7"
"20-02-2018","26","86","1","2.8",""
"21-02-2018","25.8","87","2","8888","5.4"
"22-02-2018","26","86","1","8.9","5.3"
"23-02-2018","26.6","83","2","","7.2"
"24-02-2018","26","84","2","2.7","3.9"
"25-02-2018","25.6","86","2","","7.1"
"26-02-2018","25.1","88","4","11.9","7.4"
"27-02-2018","25.6","88","1","16.7","3.8"
"28-02-2018","25.6","87","2","2.1","5.6"
"01-03-2018","25.5","89","1","9.7","0"
"02-03-2018","25.8","86","1","4.3","4"
"03-03-2018","26.9","86","4","25","6.7"
"04-03-2018","26.7","83","1","1",""
"05-03-2018","25.9","84","2","0.1","7.3"
"06-03-2018","26","89","1","7.4","4"
"07-03-2018","26.2","84","1","18.2","5.5"
"08-03-2018","26.3","85","1","0.5","5.8"
"09-03-2018","26.2","86","1","8888",""
"10-03-2018","26.3","86","2","0","3.4"
"11-03-2018","25.9","86","1","3.8","3.8"
"12-03-2018","26","88","1","0.8","5.2"
"13-03-2018","25.9","82","1","8888","1.9"
"14-03-2018","26.1","82","1","1.5","4.5"
"15-03-2018","27.2","73","2","0.4","6.4"
"16-03-2018","26.1","80","1","","10"
"17-03-2018","25.3","83","1","","6.5"
"18-03-2018","25.8","78","4","6.3","1.8"
"19-03-2018","26.1","84","0","23.5","9.9"
"20-03-2018","26.3","83","1","11.3","7.1"
"21-03-2018","25.5","83","2","","7.1"
"22-03-2018","24.4","87","1","","2.6"
"23-03-2018","26.2","84","1","6.7","4.7"
"24-03-2018","25.1","86","1","0.7","6.1"
"25-03-2018","25.8","82","2","13.7","0"
"26-03-2018","25.8","86","1","0.8","5.3"
"27-03-2018","25.6","84","1","","3.1"
"28-03-2018","26.3","80","1","","2.4"
"29-03-2018","26.4","80","1","","5.1"
"30-03-2018","26.4","75","2","","7.6"
"31-03-2018","27.5","79","2","","9.3"
"01-04-2018","27.3","80","2","","10.4"
"02-04-2018","26.3","83","3","2.8","8.1"
"03-04-2018","26.7","82","2","2.4","8.3"
"04-04-2018","26.4","81","3","38.3","6.8"
"05-04-2018","26.6","83","1","3.6","6.8"
"06-04-2018","27.6","81","1","10.4","8.5"
"07-04-2018","25.3","86","2","","5.2"
"08-04-2018","25.5","88","2","42.1","7.2"
"09-04-2018","26.1","85","3","8888","7.1"
"10-04-2018","27.1","78","1","2.9","4.6"
"11-04-2018","27","82","1","11.2","8.8"
"12-04-2018","27.1","80","3","","7.8"
"13-04-2018","27.1","84","1","","8"
"14-04-2018","26.2","89","2","49.1","8.2"
"15-04-2018","26.4","87","1","25.2","5.3"
"16-04-2018","26.1","87","1","14.4","4.9"
"17-04-2018","25.5","91","3","17.3","6.6"
"18-04-2018","26.3","86","1","10.8","5.3"
"19-04-2018","26.3","87","0","","4.1"
"20-04-2018","26.6","86","1","26","2.8"
"21-04-2018","25.7","87","1","","4.2"
"22-04-2018","26.4","84","2","30.6","4.8"
"23-04-2018","25.2","94","0","10.1",""
"24-04-2018","25.3","92","2","42.3","0"
"25-04-2018","25","91","0","","0"
"26-04-2018","24.4","96","1","8888","0.4"
"27-04-2018","26.2","84","2","7.1",""
"28-04-2018","26.9","85","1","9.2","6.9"
"29-04-2018","27.4","82","2","","6.8"
"30-04-2018","26.8","78","1","8888","7.7"
"01-05-2018","27","78","1","","10"
"02-05-2018","26.1","79","1","","10.4"
"03-05-2018","25.5","84","2","","9.6"
"04-05-2018","25.7","87","2","9.5","8.4"
"05-05-2018","26.7","82","1","47.2","4.9"
"06-05-2018","27.5","77","2","","6.9"
"07-05-2018","27.3","75","4","","9.9"
"08-05-2018","25.8","82","1","","9.3"
"09-05-2018","27.1","77","2","6.1","8.8"
"10-05-2018","27.6","77","2","8888","8.7"
"11-05-2018","26.6","78","1","","9.5"
"12-05-2018","26.8","77","1","","8.4"
"13-05-2018","27.6","75","2","","10"
"14-05-2018","27.7","79","2","","9.1"
"15-05-2018","26.3","83","1","","8.6"
"16-05-2018","25.8","86","3","2","7.6"
"17-05-2018","25.7","90","1","134.5","5.3"
"18-05-2018","27.3","84","1","4.1","3.2"
"19-05-2018","25.1","90","3","3.1","6.7"
"20-05-2018","26.1","86","1","14","4.9"
"21-05-2018","26","86","1","9.8","4.1"
"22-05-2018","26.9","82","1","42.7","4.8"
"23-05-2018","27.1","83","2","","7.2"
"24-05-2018","26.9","84","2","9.4","2.4"
"25-05-2018","26.2","87","0","8888","9.2"
"26-05-2018","26.9","83","1","8888","2.5"
"27-05-2018","26.9","84","2","0","6.5"
"28-05-2018","26.5","85","1","","6.1"
"29-05-2018","26.6","81","2","1.7","5.4"
"30-05-2018","26.9","78","1","","9.6"
"31-05-2018","26.8","81","1","","9.8"
"01-06-2018","26.1","79","2","","9.2"
"02-06-2018","25.8","81","1","","10.1"
"03-06-2018","26.9","82","3","","6.2"
"04-06-2018","27.2","82","1","","8"
"05-06-2018","27.6","81","1","","7.4"
"06-06-2018","27","84","1","8888","7"
"07-06-2018","27","85","2","13.9","8"
"08-06-2018","26.1","85","2","36.9","7.5"
"09-06-2018","26.8","83","3","2.6","7"
"10-06-2018","27.2","81","2","3.9","7.1"
"11-06-2018","27.3","81","1","","8.3"
"12-06-2018","25.8","87","1","3.8","6"
"13-06-2018","26.7","81","1","9","4.3"
"14-06-2018","27.6","80","2","1.2","3.5"
"15-06-2018","26.2","81","1","","9.3"
"16-06-2018","26.7","78","1","11.6",""
"17-06-2018","27.3","79","1","","7.7"
"18-06-2018","26","75","2","","9.2"
"19-06-2018","25.8","78","0","","9.9"
"20-06-2018","26.9","76","1","","9.7"
"21-06-2018","27.1","78","2","4.3","6.3"
"22-06-2018","26.6","82","1","","4.2"
"23-06-2018","25.5","87","2","8888","5.3"
"24-06-2018","24.1","90","2","35.2","4.9"
"25-06-2018","23.3","93","0","91.3","6.8"
"26-06-2018","23.7","89","0","2.8","0"
"27-06-2018","25.4","86","1","34.6","0.6"
"28-06-2018","25.6","84","1","8888","5.2"
"29-06-2018","25.3","82","1","",""
"30-06-2018","25","85","2","9.1","8.3"
"01-07-2018","25.9","82","1","20.5","7.5"
"02-07-2018","25.9","74","0","",""
"03-07-2018","26.2","78","1","","8.1"
"04-07-2018","25.6","78","0","3.3","8.1"
"05-07-2018","25.8","76","1","","4.9"
"06-07-2018","24.3","68","2","","8.8"
"07-07-2018","24.1","75","1","","10.4"
"08-07-2018","24.9","80","1","","9.2"
"09-07-2018","26","78","1","9.6","8.2"
"10-07-2018","26.8","76","1","","8.9"
"11-07-2018","26.4","75","2","","6.9"
"12-07-2018","25.7","74","1","","9.3"
"13-07-2018","24.9","75","1","","7.8"
"14-07-2018","25.3","78","2","","9.2"
"15-07-2018","27","63","1","4.5","6.9"
"16-07-2018","24.9","73","2","8888","8.7"
"17-07-2018","25.3","76","1","","9.2"
"18-07-2018","25.5","76","1","8888","8.9"
"19-07-2018","25.8","76","1","","10.1"
"20-07-2018","27.3","76","2","","7.8"
"21-07-2018","26.1","82","2","","9.1"
"22-07-2018","26.5","83","1","4.7","6.3"
"23-07-2018","26.6","75","1","11.4","8.9"
"24-07-2018","26.8","80","1","1.2","8.2"
"25-07-2018","26.3","78","1","8888","8.1"
"26-07-2018","26","79","3","17.5","9"
"27-07-2018","25.9","75","0","","9.5"
"28-07-2018","24.9","78","1","",""
"29-07-2018","24.8","76","1","","9.4"
"30-07-2018","24.9","78","1","","9.8"
"31-07-2018","26.1","75","1","","7.9"
"01-08-2018","25.5","76","0","","8.7"
"02-08-2018","25","75","1","5.9","8.3"
"03-08-2018","24.4","73","1","","8.4"
"04-08-2018","24.4","68","2","","9.1"
"05-08-2018","25.1","69","3","","8.3"
"06-08-2018","23.3","73","0","","8.1"
"07-08-2018","26.3","69","1","","10.2"
"08-08-2018","25.8","76","1","","3.2"
"09-08-2018","26","80","1","","3.3"
"10-08-2018","25.3","80","4","8888","5.8"
"11-08-2018","25.9","72","1","2.1","6.7"
"12-08-2018","26.3","76","2","","9.2"
"13-08-2018","27.2","74","2","9.5","8.9"
"14-08-2018","26.3","79","2","3.8","8.8"
"15-08-2018","26.6","71","3","","7.7"
"16-08-2018","26.3","69","1","","9.3"
"17-08-2018","26.1","74","1","","9.1"
"18-08-2018","25.1","69","2","","8.3"
"19-08-2018","24.6","72","2","","9.2"
"20-08-2018","26.2","73","3","","9.6"
"21-08-2018","26.7","75","1","","9.8"
"22-08-2018","27.1","75","2","","9"
"23-08-2018","26","76","2","0","9.7"
"24-08-2018","26.1","76","2","7.4","8.3"
"25-08-2018","26.9","74","2","","6.4"
"26-08-2018","26.5","74","2","","7.8"
"27-08-2018","26.7","77","2","1.8","6.6"
"28-08-2018","26.1","81","2","0","9.6"
"29-08-2018","25.8","82","2","41.6","7.4"
"30-08-2018","26.5","77","1","1.6","6.3"
"31-08-2018","26.2","76","3","","5.2"
"01-09-2018","26.5","78","2","0.3","8.7"
"02-09-2018","25.2","84","2","0","6.8"
"03-09-2018","26.1","80","1","59.5","6.3"
"04-09-2018","24.8","77","2","","8"
"05-09-2018","25.4","77","1","","9"
"06-09-2018","27","73","1","8888","5.9"
"07-09-2018","25.1","81","2","","6.2"
"08-09-2018","26","81","2","67","6.8"
"09-09-2018","26.2","70","2","0.3","7.1"
"10-09-2018","26.7","70","3","","9.6"
"11-09-2018","26.8","72","2","","10"
"12-09-2018","26","79","2","0","9.6"
"13-09-2018","25.7","72","2","3","9.2"
"14-09-2018","25.4","73","1","","7.7"
"15-09-2018","26","71","1","","8.1"
"16-09-2018","26.6","64","3","0","8.2"
"17-09-2018","26.4","66","2","","9.9"
"18-09-2018","27","71","1","","9.1"
"19-09-2018","26.6","77","2","","6.2"
"20-09-2018","26.4","80","2","","2.6"
"21-09-2018","26.2","83","1","0","1.5"
"22-09-2018","26.6","76","2","8888","0"
"23-09-2018","25.3","83","3","1.3","7.1"
"24-09-2018","26.3","73","2","31.6","7.7"
"25-09-2018","26.1","77","1","","8.5"
"26-09-2018","26.1","76","2","","7.9"
"27-09-2018","26.2","79","2","","8.7"
"28-09-2018","26.9","70","2","9.5","8.1"
"29-09-2018","26","73","1","","9.4"
"30-09-2018","26.4","77","2","","9.7"
"01-10-2018","26.5","80","1","2","7.8"
"02-10-2018","26.8","78","1","0","9"
"03-10-2018","26.4","82","2","","8.2"
"04-10-2018","27.3","80","3","0.3","7.3"
"05-10-2018","26.9","82","1","0.2","6.8"
"06-10-2018","27.4","75","1","","7.7"
"07-10-2018","26.9","70","1","","8.7"
"08-10-2018","27.3","67","3","","4.8"
"09-10-2018","27","67","2","","9.9"
"10-10-2018","25.6","78","1","","8.4"
"11-10-2018","27.2","74","1","7","8.7"
"12-10-2018","26.3","80","2","","8.5"
"13-10-2018","26.7","80","1","29.7","7.8"
"14-10-2018","26","79","1","0.9","7.3"
"15-10-2018","27","78","1","1.4","7.5"
"16-10-2018","26.3","82","1","1.3","8"
"17-10-2018","27.1","76","1","","7.7"
"18-10-2018","26.8","80","2","2.5","6.7"
"19-10-2018","26.7","82","2","2.3","7.3"
"20-10-2018","26","85","1","40.5","7.5"
"21-10-2018","27.2","76","1","38.1","7.6"
"22-10-2018","26.2","80","1","","8.8"
"23-10-2018","26","86","1","19.1","8.8"
"24-10-2018","25.6","85","1","0.5","4.6"
"25-10-2018","25.9","84","1","68.5",""
"26-10-2018","26.4","82","1","37.2","7.7"
"27-10-2018","26.2","86","1","4.4","7.2"
"28-10-2018","26.6","86","2","2.7","2.2"
"29-10-2018","27","82","2","116","6.4"
"30-10-2018","25.9","88","2","","4.7"
"31-10-2018","27","79","1","36.9","4.8"
"01-11-2018","26.8","83","2","","0.7"
"02-11-2018","26.8","81","2","22.7","8.3"
"03-11-2018","25.4","85","2","","7.6"
"04-11-2018","25.6","87","1","4.5","2.1"
"05-11-2018","26.4","87","1","24.6","4.1"
"06-11-2018","27","84","1","16.1","3.5"
"07-11-2018","25.8","88","1","5.2","3.9"
"08-11-2018","25.9","87","2","5.8","1.3"
"09-11-2018","26.1","87","0","50","0.6"
"10-11-2018","26.2","86","1","4.2","2.4"
"11-11-2018","26.1","85","1","28.7","7.1"
"12-11-2018","26.1","82","1","3.1","3.8"
"13-11-2018","26.4","83","1","","2.1"
"14-11-2018","27","77","3","8888","4.6"
"15-11-2018","27.3","77","1","8888","3.1"
"16-11-2018","28.5","72","1","9.4","4.9"
"17-11-2018","26.2","79","1","","9"
"18-11-2018","27","84","2","11.6","8.2"
"19-11-2018","26.9","81","1","","3.1"
"20-11-2018","26.4","83","4","15.1","5.8"
"21-11-2018","26.2","85","1","1.1","9.1"
"22-11-2018","26.3","83","0","40.7","6.3"
"23-11-2018","26.3","81","1","","7.8"
"24-11-2018","27.1","77","2","","7.4"
"25-11-2018","26.6","81","2","","5.8"
"26-11-2018","25.3","88","1","","2.7"
"27-11-2018","25.3","86","1","11.6","1.6"
"28-11-2018","26.5","82","1","54.9","6.3"
"29-11-2018","25.9","89","1","0.6","5.4"
"30-11-2018","25.9","88","1","76.8","5.1"
"01-12-2018","26","87","1","12.5","2.2"
"02-12-2018","26.7","80","2","","2.5"
"03-12-2018","25","92","1","10.8","7.4"
"04-12-2018","25.4","88","0","52.2","2.2"
"05-12-2018","25.2","88","2","52.2","1"
"06-12-2018","26","87","1","8.9","7.2"
"07-12-2018","25.9","86","2","19.2","5.8"
"08-12-2018","25.8","87","2","12.3","7"
"09-12-2018","26","87","1","0.5","4.5"
"10-12-2018","26.5","88","1","4.1","2.2"
"11-12-2018","26.4","85","1","","3.9"
"12-12-2018","25.4","93","1","0.6","5.7"
"13-12-2018","25.6","85","1","62","2.9"
"14-12-2018","25.8","85","3","22","8.9"
"15-12-2018","26","85","3","3.2","5.2"
"16-12-2018","26.2","82","2","","3.1"
"17-12-2018","28.2","74","2","8888","5.8"
"18-12-2018","27.1","81","2","","9.2"
"19-12-2018","25.7","83","1","1","6.4"
"20-12-2018","26.9","80","1","4.6",""
"21-12-2018","26.7","80","1","","8.1"
"22-12-2018","26.6","85","1","","8.4"
"23-12-2018","25.2","88","2","7.6","0.6"
"24-12-2018","26","82","3","2.7","1"
"25-12-2018","25.4","88","2","","2.8"
"26-12-2018","24.8","90","2","22.9","0.4"
"27-12-2018","26.1","83","2","1","0"
"28-12-2018","27.3","76","1","1.8","4.3"
"29-12-2018","27.1","78","1","","7.5"
"30-12-2018","28","73","3","","5"
"31-12-2018","25.7","82","1","","8.8"
"01-01-2019","25","89","2","9.3","1.9"
"02-01-2019","26","84","1","1.6","1.8"
"03-01-2019","26.8","76","1","2","6.8"
"04-01-2019","26.6","77","1","","5.6"
"05-01-2019","26.7","76","1","","11.2"
"06-01-2019","27.5","78","1","","9.3"
"07-01-2019","27.5","82","2","","8.5"
"08-01-2019","26.4","84","1","13.3","7.1"
"09-01-2019","26.1","86","1","4.8","6.8"
"10-01-2019","26.4","86","1","23.1","5.6"
"11-01-2019","26.4","83","1","","5.3"
"12-01-2019","26.1","88","1","1.9","6.8"
"13-01-2019","25.2","91","2","12.4","5.4"
"14-01-2019","25.2","90","1","34.4","4.5"
"15-01-2019","26.5","83","1","","2.6"
"16-01-2019","26.1","85","1","8888","3"
"17-01-2019","25.6","86","2","0.7","0.7"
"18-01-2019","","","1","9.5","1.9"
"19-01-2019","25","92","1","8888","1.9"
"20-01-2019","25.6","89","1","4.2","0"
"21-01-2019","24.7","93","0","9.3","3.3"
"22-01-2019","24.2","94","0","","0.5"
"23-01-2019","","","1","24.6","0"
"24-01-2019","","","1","32.4","2.6"
"25-01-2019","24.7","90","1","39.8","2.1"
"26-01-2019","25.9","86","1","5.7","0.3"
"27-01-2019","25.3","90","1","0.7","4.6"
"28-01-2019","26.1","88","1","18.1","0"
"29-01-2019","26.3","86","1","1.9","0.5"
"30-01-2019","25.6","91","1","20.8","4.4"
"31-01-2019","23.7","89","1","17.5","3.3"
"01-02-2019","25.1","86","0","9.1","4.4"
"02-02-2019","25.3","85","1","0.3","5.2"
"03-02-2019","26.2","86","1","20.5","5.8"
"04-02-2019","25.4","86","2","3.1","5.5"
"05-02-2019","25.7","87","1","8.2","5.7"
"06-02-2019","25.5","87","0","8888","5.5"
"07-02-2019","26","84","0","5.2","5.2"
"08-02-2019","25.6","85","1","0.3","3.8"
"09-02-2019","25.5","86","1","6.4","7.2"
"10-02-2019","25.6","86","1","5.3","9.2"
"11-02-2019","25.2","90","0","4.1","7"
"12-02-2019","25.7","84","1","3.2","3.3"
"13-02-2019","26.6","86","1","","6.4"
"14-02-2019","26.4","82","1","","2.9"
"15-02-2019","26.7","85","1","5.7","10.1"
"16-02-2019","25.8","90","1","55.5","3.1"
"17-02-2019","26.1","84","1","5","5.1"
"18-02-2019","26.4","82","1","","5.3"
"19-02-2019","25.9","86","1","6.9","4.1"
"20-02-2019","25.5","90","0","9.5","6.3"
"21-02-2019","25.8","88","1","0.1","2"
"22-02-2019","26","89","2","2.4","6.2"
"23-02-2019","","","","",""
"24-02-2019","26","87","1","39.2","8"
"25-02-2019","25.8","89","1","15.4","5.3"
"26-02-2019","27.4","82","2","68.3","8.8"
"27-02-2019","27.9","78","1","","9.1"
"28-02-2019","","","1","3.5","7"
"01-03-2019","25.2","94","1","41.3","5.8"
"02-03-2019","26.5","87","1","17","2.5"
"03-03-2019","25.6","88","1","8888","1.1"
"04-03-2019","26.5","82","1","4.9","3.1"
"05-03-2019","26.1","88","1","38.5","3.2"
"06-03-2019","23.1","95","0","21.7","3"
"07-03-2019","25.7","85","0","17.8","0"
"08-03-2019","26","84","2","","1.3"
"09-03-2019","26","83","1","6.9","5.7"
"10-03-2019","26","85","1","2.9","2.9"
"11-03-2019","24.9","89","1","0.5","1"
"12-03-2019","25.2","89","1","7.4","2.2"
"13-03-2019","26.5","82","1","10.2","0.6"
"14-03-2019","26.6","82","1","1.4","3.8"
"15-03-2019","26.1","82","1","","4.8"
"16-03-2019","26.1","83","0","1.5","7.3"
"17-03-2019","26.2","80","1","","1.6"
"18-03-2019","26.4","84","1","8888","3.4"
"19-03-2019","25.7","88","1","1.1","4.1"
"20-03-2019","26.3","84","1","1.7","1.4"
"21-03-2019","26","84","1","","7"
"22-03-2019","26.5","85","1","0.3","5.8"
"23-03-2019","26.2","84","1","0.1","6.5"
"24-03-2019","27.1","79","1","8888","5.1"
"25-03-2019","26.1","84","1","","4.1"
"26-03-2019","26","84","2","","4.5"
"27-03-2019","26.8","88","1","16.5","7.2"
"28-03-2019","25.5","92","1","5.2","5.3"
"29-03-2019","25.5","85","1","4.5","4.5"
"30-03-2019","26.5","83","1","29.4","7.4"
"31-03-2019","26.3","84","2","","6.3"
"01-04-2019","26.2","84","0","","6"
"02-04-2019","26.2","84","0","8888","6.1"
"03-04-2019","25.3","86","1","1.4","4.4"
"04-04-2019","26.4","86","1","111","6.7"
"05-04-2019","26.4","84","1","12.8","6.6"
"06-04-2019","26.3","86","2","","4.7"
"07-04-2019","26.2","84","1","3.2","5.9"
"08-04-2019","26.8","88","1","6.4","6.4"
"09-04-2019","26.8","84","1","4.5","6.7"
"10-04-2019","28","82","0","1.3","7.7"
"11-04-2019","27.7","80","1","","9.9"
"12-04-2019","26.7","84","1","8888","7.1"
"13-04-2019","27.4","81","2","","7.1"
"14-04-2019","27.2","78","1","8.4","8.1"
"15-04-2019","26.2","90","1","46.3","9.1"
"16-04-2019","24.7","90","1","36.8","5"
"17-04-2019","26.8","85","1","2.8","6.8"
"18-04-2019","27","86","2","","7.1"
"19-04-2019","26.7","86","1","12.9","5.2"
"20-04-2019","25.9","89","0","17.4","4.1"
"21-04-2019","27.6","84","1","8888","0.2"
"22-04-2019","27","80","1","","5.8"
"23-04-2019","27.2","80","2","","6.2"
"24-04-2019","25.1","93","1","3.4","7.8"
"25-04-2019","26.1","85","2","5.4","0.3"
"26-04-2019","25.9","88","1","134.2","6.9"
"27-04-2019","25.3","93","1","99","6.5"
"28-04-2019","26.4","88","1","115.9","4"
"29-04-2019","26.9","88","1","1","7.4"
"30-04-2019","26.6","90","1","46.7","3.8"
"01-05-2019","27.2","83","1","8.8","3.4"
"02-05-2019","27.3","81","1","","3.7"
"03-05-2019","26.4","86","1","8888","9.3"
"04-05-2019","26.6","88","1","56.6","6.6"
"05-05-2019","26.2","87","1","10.8","6.8"
"06-05-2019","26.4","84","1","13.6","7.3"
"07-05-2019","27.7","82","1","0.6","7.1"
"08-05-2019","26.9","83","1","","7.4"
"09-05-2019","25.9","88","1","1.4","5.7"
"10-05-2019","26.7","86","1","","6.3"
"11-05-2019","27.6","86","2","78.7","5.2"
"12-05-2019","26.6","87","1","4.5","7.2"
"13-05-2019","27.3","82","1","1.2","4.1"
"14-05-2019","27.1","82","1","10","6.7"
"15-05-2019","26.2","85","1","","9.9"
"16-05-2019","27","86","1","67.9","6.3"
"17-05-2019","26.6","83","2","8888",""
"18-05-2019","26.8","78","0","0","8.1"
"19-05-2019","27.3","78","1","","7.9"
"20-05-2019","27.3","80","1","8888","7.6"
"21-05-2019","27.6","80","1","8888","8.5"
"22-05-2019","27.3","79","1","","8.7"
"23-05-2019","27.4","78","1","8888","7.4"
"24-05-2019","27.7","72","1","","10.3"
"25-05-2019","27.1","78","1","","9.5"
"26-05-2019","27.3","78","1","8888","9"
"27-05-2019","27.9","76","1","8888","7"
"28-05-2019","27.8","78","1","","8.6"
"29-05-2019","27.4","79","2","","9.2"
"30-05-2019","27.2","82","1","58","7.3"
"31-05-2019","27.7","78","1","","7"
"01-06-2019","25.8","84","1","","9.1"
"02-06-2019","26.2","85","1","18.2","7.8"
"03-06-2019","25.8","84","0","34.8","6.5"
"04-06-2019","26.5","78","1","","1.6"
"05-06-2019","27.7","77","1","","8"
"06-06-2019","27.4","79","1","1.4","10.3"
"07-06-2019","27","84","1","","8.8"
"08-06-2019","26.5","82","1","17.1","5.5"
"09-06-2019","26.9","80","1","","8.2"
"10-06-2019","26.5","80","1","0.3","9"
"11-06-2019","26.1","82","0","11.2","9.4"
"12-06-2019","27","80","0","8888","8.7"
"13-06-2019","27.6","82","1","","9.3"
"14-06-2019","26.8","84","1","","8"
"15-06-2019","27.2","84","2","3","4.2"
"16-06-2019","26.4","88","1","2.8","9"
"17-06-2019","26.7","80","2","14.8","6.3"
"18-06-2019","25.7","76","1","","8.1"
"19-06-2019","25.8","77","1","","10.5"
"20-06-2019","26.5","78","0","","9.8"
"21-06-2019","26.1","78","1","","9.6"
"22-06-2019","25.8","80","1","",""
"23-06-2019","26.1","78","0","0.3","8.3"
"24-06-2019","26.2","76","1","","7.1"
"25-06-2019","26.1","74","1","","7.7"
"26-06-2019","25.9","77","1","","9.4"
"27-06-2019","25.1","78","1","","9.8"
"28-06-2019","26.1","80","1","33.6","9.7"
"29-06-2019","26.1","77","1","","8.6"
"30-06-2019","26.4","78","1","","8.8"
"01-07-2019","25.7","74","1","0.3","9.3"
"02-07-2019","26.1","75","1","","9.1"
"03-07-2019","26.5","78","1","","7.9"
"04-07-2019","26","84","1","","8.7"
"05-07-2019","26.1","81","1","9.3","6.4"
"06-07-2019","26.7","80","2","0.3","4.1"
"07-07-2019","26.8","78","1","",""
"08-07-2019","25.7","82","1","","8.4"
"09-07-2019","25.2","85","1","35.4","7.3"
"10-07-2019","25.4","80","2","7.4","7.3"
"11-07-2019","25.6","76","1","","5.2"
"12-07-2019","","","1","","8.4"
"13-07-2019","26","73","2","","10.5"
"14-07-2019","25.4","78","1","","9.7"
"15-07-2019","25.1","74","1","","6.2"
"16-07-2019","25.3","71","1","","5.9"
"17-07-2019","24.9","73","1","","9.4"
"18-07-2019","25.3","70","2","","8.4"
"19-07-2019","25.6","76","2","","9.1"
"20-07-2019","27.2","79","1","0.1","4.5"
"21-07-2019","27.4","76","1","","5.1"
"22-07-2019","26.8","82","1","","8.6"
"23-07-2019","26.4","75","1","","8.5"
"24-07-2019","25.8","76","1","","10.3"
"25-07-2019","25.9","72","2","","8.1"
"26-07-2019","25.7","75","1","","7.3"
"27-07-2019","25.5","76","1","","9.4"
"28-07-2019","26","78","1","","8.1"
"29-07-2019","26.7","74","2","8888","8.6"
"30-07-2019","26.3","73","1","","8.3"
"31-07-2019","26.4","70","1","","8.2"
"01-08-2019","26","68","1","8888","8.9"
"02-08-2019","26.1","73","1","","9"
"03-08-2019","25.8","75","1","","7.6"
"04-08-2019","25.4","71","1","","7.2"
"05-08-2019","24.7","72","1","","8.7"
"06-08-2019","24.1","68","2","","7.9"
"07-08-2019","25.1","71","1","","9.4"
"08-08-2019","25.3","67","2","","9.1"
"09-08-2019","25.6","75","1","","8.2"
"10-08-2019","25.4","72","1","","6.2"
"11-08-2019","25.9","74","1","","9.5"
"12-08-2019","25.6","74","1","","9.2"
"13-08-2019","25.8","74","1","","7.5"
"14-08-2019","26.8","76","2","","8.6"
"15-08-2019","25.6","82","1","","7.5"
"16-08-2019","26.1","81","1","29.6","6.2"
"17-08-2019","26","78","1","52.3","6.7"
"18-08-2019","26.1","70","1","","7.1"
"19-08-2019","25.7","72","1","","8"
"20-08-2019","25.7","73","2","","10.5"
"21-08-2019","26.1","72","2","","8.3"
"22-08-2019","25.6","76","1","","5.9"
"23-08-2019","25.8","80","1","18.9","6.6"
"24-08-2019","25.3","79","1","","7.5"
"25-08-2019","25.8","76","1","","9.2"
"26-08-2019","26.1","78","1","","8.2"
"27-08-2019","25.7","82","1","13.5","5.1"
"28-08-2019","26","87","1","1.8","7.6"
"29-08-2019","26.3","80","1","54.2","3.9"
"30-08-2019","","","1","","7.8"
"31-08-2019","24.9","76","1","","9.9"
"01-09-2019","26.1","75","1","","9.2"
"02-09-2019","26","79","1","","9.4"
"03-09-2019","27.8","72","1","","6.2"
"04-09-2019","25.4","82","1","","7.2"
"05-09-2019","25.6","82","1","28","8.1"
"06-09-2019","25.1","76","1","0.3","7.4"
"07-09-2019","25.8","76","1","","8.7"
"08-09-2019","26.6","70","1","","8.8"
"09-09-2019","26.5","74","1","","7.5"
"10-09-2019","28.1","64","1","","9.3"
"11-09-2019","26.3","63","2","","10.1"
"12-09-2019","24","76","1","","10"
"13-09-2019","25.1","71","1","4.5","8.7"
"14-09-2019","24.7","71","1","","6.9"
"15-09-2019","25.1","70","2","","8.9"
"16-09-2019","26.9","75","2","","7.2"
"17-09-2019","26.7","77","1","","8.1"
"18-09-2019","25.8","81","1","","8.7"
"19-09-2019","27","76","1","21.2","8.3"
"20-09-2019","26.3","67","1","","6.1"
"21-09-2019","26.5","70","1","","7.4"
"22-09-2019","26.7","72","1","","9.6"
"23-09-2019","28","68","2","","9.8"
"24-09-2019","28.5","67","2","","9.8"
"25-09-2019","25.5","81","1","","8.5"
"26-09-2019","26.2","82","1","8888","7.6"
"27-09-2019","26.9","73","1","5.1","7.1"
"28-09-2019","26.3","80","1","","7.7"
"29-09-2019","25.5","85","1","13.9","8.3"
"30-09-2019","26.6","78","1","78.6","6.4"
"01-10-2019","25.8","80","1","","6.8"
"02-10-2019","26.7","77","1","","7.7"
"03-10-2019","26.8","78","1","","7.1"
"04-10-2019","27.2","68","2","","6.8"
"05-10-2019","26.9","68","1","","8.8"
"06-10-2019","27.7","65","2","","8.7"
"07-10-2019","27.1","69","2","","9.1"
"08-10-2019","25.6","80","1","","7.9"
"09-10-2019","25.4","86","1","18.6","7.8"
"10-10-2019","25.2","88","1","44","6.2"
"11-10-2019","26.4","82","2","130.1","4.4"
"12-10-2019","26.9","77","1","","5.8"
"13-10-2019","25.7","79","0","3.3","7.2"
"14-10-2019","27","79","1","8","7.9"
"15-10-2019","26.1","84","1","","8.5"
"16-10-2019","26","84","2","72","6.9"
"17-10-2019","26.7","82","2","0.6","7.4"
"18-10-2019","26.7","80","1","7.8","8.1"
"19-10-2019","27.6","76","1","16.3","8"
"20-10-2019","27.3","72","1","","8.7"
"21-10-2019","27.6","68","2","","7.7"
"22-10-2019","28.7","61","2","","9.5"
"23-10-2019","27.9","69","1","","10.4"
"24-10-2019","27.7","72","1","","8.8"
"25-10-2019","28","74","1","","8.4"
"26-10-2019","26.1","79","2","","8.1"
"27-10-2019","26","84","1","28.5","7.8"
"28-10-2019","26.1","82","1","1.4","6.2"
"29-10-2019","25.5","83","1","41.3","8.3"
"30-10-2019","26.6","76","1","10","6.6"
"31-10-2019","27","76","1","","9.3"
"01-11-2019","26.8","81","1","","9.2"
"02-11-2019","26.9","78","1","","6.1"
"03-11-2019","26.6","81","1","","8.2"
"04-11-2019","26.5","78","2","6.6","6.3"
"05-11-2019","","","2","8888","7"
"06-11-2019","27.6","72","1","8888","8.4"
"07-11-2019","26.5","72","1","","8.3"
"08-11-2019","27.9","69","1","","10.5"
"09-11-2019","28.5","66","1","","10.1"
"10-11-2019","28.1","68","2","","10.2"
"11-11-2019","26.8","79","1","0.5","9.3"
"12-11-2019","27.8","82","1","45.7","8.5"
"13-11-2019","26.4","82","2","0.1","6.5"
"14-11-2019","25.7","86","1","57.5","0"
"15-11-2019","26.6","81","2","","0"
"16-11-2019","27.9","70","2","9.3","7.3"
"17-11-2019","28.1","75","1","8888","10.7"
"18-11-2019","28.3","68","2","","9.7"
"19-11-2019","28.6","74","2","","6"
"20-11-2019","26.4","82","2","5","8.8"
"21-11-2019","26.4","81","1","61.7","8.4"
"22-11-2019","27.4","81","1","5.8","6.3"
"23-11-2019","27.1","80","2","1","4.6"
"24-11-2019","27.3","78","2","2.1","6.8"
"25-11-2019","27","83","1","8888","7.7"
"26-11-2019","27.8","81","1","7.8","6.2"
"27-11-2019","27.4","80","2","","6.2"
"28-11-2019","","","2","","5.3"
"29-11-2019","26.5","87","2","43.4","0"
"30-11-2019","26.6","91","1","83.6","7.9"
"01-12-2019","27.7","82","1","9.3","5.8"
"02-12-2019","27.3","85","1","16.5","0"
"03-12-2019","27.7","80","1","1.6","4"
"04-12-2019","27.8","81","1","","8.3"
"05-12-2019","26.2","91","1","17.3","8.6"
"06-12-2019","26.7","88","1","63.4","6.5"
"07-12-2019","26","89","2","1.9","3"
"08-12-2019","26.6","84","1","0","0.4"
"09-12-2019","25.9","85","1","4.9","0"
"10-12-2019","25.9","88","1","34.3","7.8"
"11-12-2019","25.3","88","1","","3.8"
"12-12-2019","24.9","90","1","55.5","6.2"
"13-12-2019","25.7","87","2","","1.2"
"14-12-2019","25.1","90","1","32.4","4.6"
"15-12-2019","25.9","87","1","141","8.1"
"16-12-2019","25.8","90","1","","5.1"
"17-12-2019","24.3","96","1","3.3","1.7"
"18-12-2019","25.2","89","1","30.3","3.3"
"19-12-2019","25.6","88","1","8.2","0"
"20-12-2019","26.3","82","3","19.5","7.1"
"21-12-2019","26.3","88","2","22.6","6.8"
"22-12-2019","26.1","87","1","20.3","8.6"
"23-12-2019","26.2","86","1","9.1","5"
"24-12-2019","26.8","84","1","","0"
"25-12-2019","26","90","2","5","8.2"
"26-12-2019","25.5","90","2","10.5","0"
"27-12-2019","25.5","90","1","21.3","7.8"
"28-12-2019","25.1","92","1","4","2"
"29-12-2019","26.1","84","1","8888","0"
"30-12-2019","27","84","1","","4.2"
"31-12-2019","25.7","92","2","20.6","6.2"
"01-01-2020","24.6","95","1","44.4","3.2"
"02-01-2020","25.7","92","1","34.4","0"
"03-01-2020","26.1","88","1","0.3","1.2"
"04-01-2020","25.8","92","1","0.3","3.7"
"05-01-2020","25.2","92","2","3.3","0"
"06-01-2020","24.9","94","1","6.2","0"
"07-01-2020","26.4","90","1","9.3","0"
"08-01-2020","25.2","93","2","2.5","4.4"
"09-01-2020","25.2","94","2","3","1.1"
"10-01-2020","25.5","85","3","9.1","0"
"11-01-2020","25.9","86","2","8888",""
"12-01-2020","27.1","79","2","","2.5"
"13-01-2020","26.8","82","1","","7.7"
"14-01-2020","26.9","83","2","8888","5.6"
"15-01-2020","25.3","92","1","4.6","7.8"
"16-01-2020","26.2","86","1","5.3","0.4"
"17-01-2020","26.4","86","2","9","8.1"
"18-01-2020","26.3","87","1","83","5.9"
"19-01-2020","26.7","87","1","0.2","3.1"
"20-01-2020","26.5","90","1","99.9","8.6"
"21-01-2020","","","2","10.9",""
"22-01-2020","27","85","2","","5.3"
"23-01-2020","26.3","92","2","8888","7.3"
"24-01-2020","25.1","94","1","8.5","2.7"
"25-01-2020","25.1","96","1","2","0"
"26-01-2020","25.6","91","2","9.6","0"
"27-01-2020","26.4","88","1","43.7","4.8"
"28-01-2020","26.1","88","1","9.2","3.6"
"29-01-2020","27.3","84","2","8888","4.4"
"30-01-2020","26.4","85","1","1.1","6.5"
"31-01-2020","25.7","92","1","","0.6"
"01-02-2020","24.7","92","1","26.6","0.2"
"02-02-2020","24.5","92","1","3.1","1.5"
"03-02-2020","24.8","93","2","4.5","0.1"
"04-02-2020","26.4","87","1","4.8","2.6"
"05-02-2020","25.4","88","2","0.2","2.6"
"06-02-2020","24.9","","1","26.6","3"
"07-02-2020","25.3","94","2","32.6","0"
"08-02-2020","26","87","2","116.7","4.2"
"09-02-2020","25.9","83","2","0.9","5.8"
"10-02-2020","27.1","78","2","","3.9"
"11-02-2020","27.2","80","4","0.2","4.6"
"12-02-2020","27.1","84","2","8888","3.2"
"13-02-2020","27","86","1","0.4","3"
"14-02-2020","25.1","93","1","8888","4.9"
"15-02-2020","25.9","89","1","15.4","4"
"16-02-2020","25.7","90","1","40.3","6.7"
"17-02-2020","25.2","90","1","10.2","3.6"
"18-02-2020","24.2","92","2","5.8","0.1"
"19-02-2020","24.4","93","1","56.8","2.1"
"20-02-2020","24.4","95","1","39.2","1.2"
"21-02-2020","26.9","84","1","5.2","0"
"22-02-2020","26.7","89","1","7","6.5"
"23-02-2020","27","87","2","8888","5.2"
"24-02-2020","25.3","94","0","52.8","4.6"
"25-02-2020","25.8","90","1","19.2","0"
"26-02-2020","25.4","90","0","0.3","0"
"27-02-2020","26.3","88","1","9.6","0"
"28-02-2020","24.5","96","0","38.7","1.9"
"29-02-2020","25.1","94","1","8.3","0"
"01-03-2020","26.2","92","1","120.6","3.3"
"02-03-2020","27.6","82","2","1.5",""
"03-03-2020","26.9","84","1","","8.2"
"04-03-2020","25.9","87","1","","7.2"
"05-03-2020","25.7","84","1","12.2",""
"06-03-2020","26.7","80","2","0.2","1"
"07-03-2020","27","81","1","","7.8"
"08-03-2020","26.3","84","1","","5"
"09-03-2020","26.9","80","1","1.2","4.5"
"10-03-2020","27.3","78","2","","4.1"
"11-03-2020","26.8","85","1","0.2","8.4"
"12-03-2020","26.5","88","1","9.8","6.2"
"13-03-2020","26.7","83","1","18.1","0.5"
"14-03-2020","26.3","84","2","",""
"15-03-2020","26.1","86","1","3","7.4"
"16-03-2020","25.8","90","1","56.8","7"
"17-03-2020","25.7","87","2","50.4","2.7"
"18-03-2020","26","91","1","121.7","8"
"19-03-2020","25.1","88","1","","1.3"
"20-03-2020","25","88","1","87.9","3.8"
"21-03-2020","25.9","85","1","10","3"
"22-03-2020","26.5","89","2","19.5","6.2"
"23-03-2020","25.6","89","1","24.2","3.8"
"24-03-2020","25.6","90","2","","2.3"
"25-03-2020","25.8","89","1","53.7","6.4"
"26-03-2020","25.7","94","1","8.2","6.2"
"27-03-2020","25.8","90","2","43.6","0.5"
"28-03-2020","26.9","85","1","52.4","4.7"
"29-03-2020","26.5","88","2","","6.7"
"30-03-2020","26.1","87","1","9","5.1"
"31-03-2020","26.4","86","1","1.1","4.2"
"01-04-2020","","","1","21.7","6.6"
"02-04-2020","27.4","81","1","","6.6"
"03-04-2020","26.7","81","3","","7.5"
"04-04-2020","26.7","84","2","","7.9"
"05-04-2020","26","89","2","40.2","7.5"
"06-04-2020","25.1","89","1","5.4","4.6"
"07-04-2020","26.8","85","1","59.4","5.3"
"08-04-2020","26.6","84","2","8888","6.9"
"09-04-2020","27.5","85","1","","8.1"
"10-04-2020","26.4","87","1","8888","3.5"
"11-04-2020","27.3","86","1","13.3","5.6"
"12-04-2020","27.2","84","1","11","4.9"
"13-04-2020","27.1","82","2","","7.2"
"14-04-2020","26.6","86","1","8888","5.3"
"15-04-2020","26.7","86","2","0.2","7.1"
"16-04-2020","26.6","86","2","49.2","4.8"
"17-04-2020","25.8","88","2","38.7","7.7"
"18-04-2020","25.9","86","2","112","8.6"
"19-04-2020","27","83","2","15.2","7.8"
"20-04-2020","28.3","82","1","10.5","7.7"
"21-04-2020","27.5","84","0","9.2","7.9"
"22-04-2020","27.4","78","1","8888","1"
"23-04-2020","27.8","82","3","1.4",""
"24-04-2020","26.9","85","2","",""
"25-04-2020","26.2","81","1","2","4.7"
"26-04-2020","26.5","86","1","","4.6"
"27-04-2020","26.3","90","1","21.4","6.3"
"28-04-2020","25.3","90","2","12.5","2.3"
"29-04-2020","26","86","1","55.2","1.5"
"30-04-2020","26.2","89","1","","6.7"
"01-05-2020","25.3","92","2","25.8","1.6"
"02-05-2020","25.4","88","1","108","0"
"03-05-2020","26.1","89","1","0.8",""
"04-05-2020","","","1","0.6",""
"05-05-2020","27.1","84","3","8888","0"
"06-05-2020","26.4","86","2","53","8.5"
"07-05-2020","28","77","1","11","7.2"
"08-05-2020","27.8","80","1","","9.4"
"09-05-2020","26.4","88","1","","3.6"
"10-05-2020","27","87","2","","0"
"11-05-2020","26.2","88","2","1","4.8"
"12-05-2020","27","85","1","15","2.4"
"13-05-2020","27.7","84","1","2.5","8"
"14-05-2020","","","2","8888","2.2"
"15-05-2020","27.6","80","2","","8.4"
"16-05-2020","27.3","78","1","","9.2"
"17-05-2020","26.8","82","1","","9.2"
"18-05-2020","25.9","91","1","18.8","7"
"19-05-2020","","","1","68.9","2.3"
"20-05-2020","26.8","87","3","","6.2"
"21-05-2020","","","","",""
"22-05-2020","27.7","83","1","","3.6"
"23-05-2020","27.9","75","2","","9.5"
"24-05-2020","","","3","",""
"25-05-2020","26.8","84","1","","7.8"
"26-05-2020","26.7","84","1","34.5","6.2"
"27-05-2020","27.1","82","1","","4.1"
"28-05-2020","27.3","84","2","0.3","8.9"
"29-05-2020","26.9","86","2","7.5","3.2"
"30-05-2020","26.6","83","2","2.8","6.9"
"31-05-2020","27.7","82","2","0","8.1"
"01-06-2020","26.5","82","2","","5.7"
"02-06-2020","26","84","3","0.2","7.4"
"03-06-2020","27.3","82","2","10.8","5.9"
"04-06-2020","27.2","78","2","","9"
"05-06-2020","","","2","","5.6"
"06-06-2020","27.1","83","1","3.1","3.4"
"07-06-2020","26.1","84","2","","8.3"
"08-06-2020","26.5","85","1","10.3","6.6"
"09-06-2020","26.4","86","1","9.5","5.6"
"10-06-2020","26.7","81","2","","5.8"
"11-06-2020","26.6","88","1","3","8.8"
"12-06-2020","27.6","80","2","3","6"
"13-06-2020","26.4","84","2","19.1","7.9"
"14-06-2020","27.4","78","1","36.7","8.8"
"15-06-2020","27.2","86","2","0.2","9.5"
"16-06-2020","","","1","","2.3"
"17-06-2020","27.3","78","2","","8.5"
"18-06-2020","26","85","2","","8.5"
"19-06-2020","26","89","1","58.1","7.1"
"20-06-2020","27","81","2","0.1","2"
"21-06-2020","26.4","79","1","","8.8"
"22-06-2020","25.3","86","2","","6.5"
"23-06-2020","26.7","83","2","21.7","3.7"
"24-06-2020","25.7","86","2","61.5","6.8"
"25-06-2020","27","80","1","","6.7"
"26-06-2020","27.2","84","2","","9.1"
"27-06-2020","26.7","82","1","8.9","8.5"
"28-06-2020","27.2","83","2","",""
"29-06-2020","27.7","74","2","","7.6"
"30-06-2020","27.3","77","2","","7.5"
"01-07-2020","26.8","78","1","","9.8"
"02-07-2020","24.7","90","2","","9.2"
"03-07-2020","26.5","82","2","19","2"
"04-07-2020","26","88","1","32.7","2.6"
"05-07-2020","25.7","79","2","","0.1"
"06-07-2020","25","83","1","","10.2"
"07-07-2020","26.5","81","1","25.3","6.3"
"08-07-2020","25.7","87","3","","7.1"
"09-07-2020","25.2","84","2","50.6","6.4"
"10-07-2020","25.6","86","2","1","4.5"
"11-07-2020","27","77","1","0.1","2.3"
"12-07-2020","26.2","83","3","","7.2"
"13-07-2020","26.5","83","1","6.9","8.1"
"14-07-2020","25.8","87","1","1.1","5.4"
"15-07-2020","25.9","88","1","6.8","4.8"
"16-07-2020","26.5","83","1","8888","0"
"17-07-2020","26.2","82","2","0","0.5"
"18-07-2020","26.9","78","1","","8"
"19-07-2020","26.7","82","1","","8.5"
"20-07-2020","26.2","86","1","1.2","8.1"
"21-07-2020","26","86","2","11.5","7.5"
"22-07-2020","26.8","84","1","16.5","6.7"
"23-07-2020","26.3","83","1","12.5","8.4"
"24-07-2020","26.8","80","1","1.1","8.2"
"25-07-2020","26.7","76","2","","8.1"
"26-07-2020","26","72","2","","7.5"
"27-07-2020","26.1","76","1","0","7.9"
"28-07-2020","25.9","78","1","0","9.2"
"29-07-2020","26","76","2","","8.3"
"30-07-2020","26.6","74","2","","8.4"
"31-07-2020","25.7","65","1","","9.2"
